fips,totalAcres15,IrrTotalWith15,totalAcres10,IrrTotalWith10,st_crd
01001,2.26,3.52,1.95,2.94,0140
01003,20.66,58.28,13.04,38.96,0150
01005,4.53,2.96,3.3,2.17,0160
01007,0.16,0.19,0.4,0.69,0130
01009,0.94,1.08,0.97,0.48,0120
01011,1.67,2,0.24,0.61,0140
01013,0.3,0.99,0.44,0.34,0150
01015,1.92,3.15,3.35,4.09,0120
01017,0.18,0.23,0.39,0.2,0130
01019,1.87,2.82,1.45,1.24,0120
01021,0.57,0.49,0.77,1.15,0130
01023,0.07,0.17,0.06,0.03,0150
01025,0.16,0.28,0.16,0.07,0150
01027,0.08,0.12,0.1,0.06,0130
01029,0.31,0.14,0.45,0.16,0120
01031,5.07,3.87,4.86,3.67,0160
01033,4.17,2.43,3.2,2.19,0110
01035,0.16,0.21,0.19,0.09,0150
01037,0.06,0.1,0.08,0.03,0130
01039,2.21,3.46,1.88,1.96,0160
01041,0.96,0.58,0.68,0.25,0160
01043,0.73,0.91,1.53,2.25,0120
01045,2.84,2.08,3.02,2.16,0160
01047,3.17,3.2,3.51,2.42,0140
01049,1.03,2.64,1.37,0.58,0120
01051,3.83,3.08,2.62,1.56,0140
01053,1.96,1.74,2.47,3.02,0150
01055,0.65,1,1.32,0.67,0120
01057,0.45,0.37,0.76,0.17,0130
01059,1.23,0.84,0.34,0.15,0110
01061,8.86,5.47,3.66,3.66,0160
01063,0.44,0.45,0.34,0.12,0140
01065,1.96,1.07,0.19,0.09,0140
01067,8.58,5.87,5.58,3.6,0160
01069,13.19,7.55,15.07,10.07,0160
01071,0.96,1.28,1.35,1.14,0120
01073,3.15,5.88,3.62,2.48,0130
01075,0.8,0.24,0.18,0.09,0130
01077,1.04,1.8,2.45,3.78,0110
01079,4.88,2.58,4.77,3.87,0110
01081,2.09,3.17,1.7,1.07,0130
01083,15.88,9.75,9.33,7.6,0110
01085,5.1,5.73,3.04,2.2,0140
01087,3.66,5.92,2.73,2.15,0140
01089,11.61,9.15,9.06,8.41,0110
01091,0.56,0.43,0.27,0.15,0140
01093,0.39,0.27,0.39,0.17,0110
01095,1.13,2.07,2.41,1.89,0120
01097,5.51,10.91,5.9,10.68,0150
01099,1.05,0.57,0.94,0.55,0150
01101,3.47,6.27,1.87,1.49,0140
01103,0.86,1.04,1.04,1.05,0110
01105,1.23,0.63,0.17,0.06,0140
01107,4.24,1.95,0.97,1.41,0130
01109,3.36,1.46,2.85,1.86,0160
01111,0.14,0.14,0.28,0.1,0130
01113,4.78,7.45,2.04,2.42,0160
01115,0.75,1.72,2.27,2.1,0120
01117,2.45,5.17,3.22,3.23,0130
01119,1.59,0.76,0.57,0.22,0140
01121,6.09,4.78,3.72,1.69,0130
01123,1.44,0.91,0.35,0.36,0130
01125,2.93,5.66,2.68,3.52,0130
01127,0.44,0.72,1.14,1.01,0130
01129,0.15,0.23,0.16,0.11,0150
01131,0.29,0.45,0.2,0.07,0150
01133,0.14,0.18,0.14,0.07,0110
02013,0,0,0,0,0250
02020,0.66,0.41,0.66,0.53,0220
02050,0,0,0,0,0250
02060,0,0,0,0,0250
02070,0,0,0,0,0250
02090,0.53,0.24,0.5,0.2,0210
02100,0,0,0,0,0240
02110,0.02,0.01,0,0,0240
02122,0.11,0.06,0.24,0.13,0230
02130,0,0,0,0,0240
02150,0,0,0,0,0250
02170,1.13,0.54,1.13,0.53,0220
02180,0,0,0,0,0250
02185,0,0,0,0,0250
02188,0,0,0,0,0250
02201,NA,NA,NA,NA,0240
02220,0,0,0,0,0240
02240,0.53,0.23,0.5,0.15,0210
02261,0,0,0,0,0220
02270,NA,NA,0,0,0250
02280,NA,NA,NA,NA,0240
02290,0,0,0,0,0210
04001,0.98,1.95,2.7,7.6,0410
04003,106.84,217.57,79.64,214.71,0480
04005,0.9,0.28,0.8,0.28,0410
04007,0.93,3.05,0.83,2.64,0410
04009,36.69,183.54,38,166.56,0480
04011,2.7,9.4,4.08,14.76,0480
04012,99.78,612.86,100.58,664.34,0480
04013,244.22,1232.8,205.9,1093.37,0480
04015,23.52,111.85,15.38,73.02,0410
04017,2.94,10.41,6.16,16.01,0410
04019,25.1,92.26,25.1,100.88,0480
04021,238.41,935.11,257.98,1053.16,0480
04023,2.32,6.97,2.28,10.4,0480
04025,6.59,31.14,6.44,29.74,0410
04027,247.3,1079.69,247.29,1121.9,0480
05001,399.2,1675.81,420.82,934.23,0560
05003,97.58,159.83,98.25,133.66,0590
05005,0,0,0,0,0520
05007,0,0,0,0,0510
05009,0,0,0,0,0510
05011,0,0,0,0,0580
05013,0,0,0.06,0,0580
05015,0,0,0.09,0.16,0510
05017,205.48,271.76,163.85,223.75,0590
05019,1.81,5.37,3.4,8.79,0580
05021,187.02,830.1,173.13,404.77,0530
05023,0,0,0.05,0.13,0520
05025,0,0,0,0,0580
05027,0,0,0,0,0580
05029,2.09,4.05,5.55,5.89,0550
05031,261.18,496.13,261.52,406.58,0530
05033,1.9,2.49,2.19,1.29,0540
05035,160.19,256.13,154.88,211.82,0560
05037,210.93,593.44,251.96,558.61,0560
05039,0,0,0,0,0580
05041,236.94,628.49,217.92,453.44,0590
05043,29.49,50.16,43.44,33.54,0590
05045,2.82,5.49,0.95,1.63,0550
05047,0.07,0.01,0.2,0.06,0540
05049,0.09,0.24,0,0,0520
05051,0,0,0,0,0550
05053,0,0,1.13,3.16,0550
05055,140.22,356.35,150.84,349.63,0530
05057,0,0,0,0,0570
05059,1.64,2.12,2.92,7.98,0550
05061,0,0,0,0,0570
05063,50.88,95.29,33.09,80.35,0530
05065,0,0,0,0,0520
05067,198.19,595.19,214.95,437.67,0530
05069,151.18,359.94,187.96,281.4,0590
05071,0.08,0.01,0.81,0,0540
05073,9.06,13.6,14.61,19.85,0570
05075,133.49,255.63,109.18,196.97,0530
05077,167.84,334.3,168.75,301.39,0560
05079,117.91,265.07,112.83,221.17,0590
05081,10.12,33.39,6.6,9.2,0570
05083,0,0,0.43,0.26,0540
05085,249.41,901.81,221.7,439.06,0560
05087,0,0,0.22,0,0510
05089,0,0,0,0,0520
05091,0.12,0.23,8.57,14.09,0570
05093,25.65,35.25,281.32,365.81,0530
05095,145.61,310.99,168.44,282.31,0560
05097,0,0,0.01,0,0570
05099,0,0,0,0,0580
05101,0,0,0,0,0510
05103,0,0,0,0,0580
05105,0.76,1.46,0.19,0.44,0550
05107,217.76,260.19,194.76,263.04,0560
05109,0,0,0,0,0570
05111,323.51,966.93,330.75,931.39,0530
05113,0.11,0.36,0.36,0.45,0540
05115,0.37,0.53,1.16,1.31,0540
05117,192.74,541.03,191.8,304,0560
05119,27.04,52.03,23.89,30.6,0550
05121,62.34,185.14,65.9,154.04,0530
05123,191.06,363.99,183.74,357.09,0560
05125,0.21,2.25,0.24,0.35,0550
05127,1.3,0.05,0.16,0.14,0540
05129,0,0,0,0,0520
05131,0.12,0.3,0.12,0.19,0540
05133,0.01,0.01,0.01,0.01,0570
05135,0,0,0.04,0,0520
05137,0.03,0.04,0.06,0.07,0520
05139,0,0,0,0,0580
05141,0,0,0,0,0520
05143,0.09,0.03,0.12,0.15,0510
05145,41.52,141.22,30.17,57.24,0530
05147,170.9,512.14,166,230.57,0560
05149,0,0,0,0,0540
06001,12.66,9.51,11.5,18.27,0640
06003,3.74,9.69,1.62,4.22,0660
06005,9.01,20.75,0.2,17.03,0660
06007,224.47,752.68,221.86,646.14,0650
06009,3.67,8.8,4.85,12.37,0660
06011,309.73,695.25,300.82,828.99,0650
06013,42.42,87.09,38.27,67.05,0640
06015,9.36,16.42,7.7,9.67,0610
06017,7.22,26.78,6.79,10.19,0660
06019,1116.48,1616.63,1093.78,2492.77,0651
06021,234.28,660.65,225.2,598.86,0650
06023,45.69,59.97,27.32,38.57,0610
06025,508.48,1850.34,558.17,1088.52,0680
06027,17.73,17.5,22.41,82.07,0660
06029,815.09,1617.68,737.79,1810.14,0651
06031,457.36,637.42,558.95,1251.44,0651
06033,28.79,52.79,17.04,32.68,0640
06035,100.91,88.68,94.7,175.92,0630
06037,29.47,34.6,34.86,91.33,0680
06039,303.97,772.43,297.84,711.98,0651
06041,9.87,41.02,0.69,9.04,0640
06043,3.68,17.45,0.75,2.43,0660
06045,27.78,68.7,40.19,65.58,0610
06047,553.53,970.62,613.34,1374.27,0651
06049,171.89,171.49,139.19,252.93,0630
06051,37.87,58.53,71.46,214.45,0660
06053,264.49,168.86,427.42,479.45,0640
06055,50.79,102.7,44.98,68.69,0640
06057,12.41,48.44,11.18,29.48,0660
06059,12.52,11.89,8.3,18.4,0680
06061,44.61,133.48,44.82,119.46,0660
06063,42.68,102.78,46.05,111.43,0630
06065,222.69,741.79,230.41,486.71,0680
06067,161.34,442.06,151.3,306.57,0650
06069,48.74,15.12,53.21,72.69,0640
06071,21.02,33.33,34.93,92.79,0680
06073,75.22,118.28,73.5,170.91,0680
06075,0.64,0.58,0.54,0.74,0640
06077,553.09,1190.25,740.77,1584.82,0651
06079,103.66,78.97,115.66,166.52,0640
06081,5.84,23.08,6.26,8.05,0640
06083,115.12,55.95,130.3,176.86,0680
06085,16.75,8.1,27.36,35.91,0640
06087,22.71,31.34,19.62,33.21,0640
06089,61.01,160.97,67.48,143.48,0620
06091,19.25,23.36,15.16,37.79,0660
06093,178.21,201.48,189.62,388.26,0620
06095,172.99,395.52,185.32,381.88,0650
06097,93.55,210.34,93.1,148.82,0640
06099,392.5,1034.16,659.31,1499.94,0651
06101,267.22,636.09,248.06,694.19,0650
06103,95.78,269.33,86.6,219.6,0650
06105,2.98,10.72,2.44,4.49,0620
06107,685.09,1395.96,974.67,2458.93,0651
06109,1.7,3.15,2.39,5.37,0660
06111,111.4,85.11,110.1,226.09,0680
06113,294.83,571.68,346.74,737.46,0650
06115,87.68,314.62,76.44,240.59,0650
08001,19.28,87.03,30.59,145.47,0860
08003,107.66,136.61,117.51,149.39,0880
08005,4.08,3.56,5.06,16.7,0860
08007,20.77,41.95,21.82,56.02,0870
08009,72.77,125.24,86.52,96.81,0890
08011,46.64,167.81,65.31,149.65,0890
08013,29.59,103.76,48.2,145.48,0820
08014,0.84,1.38,1.59,1.39,0820
08015,15.25,115.24,11.43,80.56,0810
08017,25.92,29.35,25.19,32.67,0860
08019,0,0,0.02,0.17,0810
08021,118.45,293.97,122.48,366.53,0880
08023,44.77,92.85,49.02,135.15,0880
08025,7.16,11.87,17,11.87,0890
08027,25.58,34.78,21.14,26.75,0890
08029,77.41,341.47,82.91,346.17,0870
08031,2.4,1.53,1.02,1.01,0860
08033,8.14,4.16,8.56,5.1,0870
08035,2.72,11.74,4.08,15.67,0860
08037,20.9,132.14,18.53,126.58,0810
08039,6.48,15.14,8.57,10.76,0860
08041,12.05,8.58,7.2,31.26,0860
08043,13.51,95.48,15.61,116.89,0890
08045,56.22,234.45,44.47,242.16,0870
08047,0,0,0,0,0810
08049,44.11,183.29,41.3,183.87,0810
08051,57.95,520.53,56.79,553.3,0810
08053,5.88,20.45,6.1,26.97,0870
08055,12.74,38.07,16.44,35.23,0890
08057,90.39,340.4,112.27,347.13,0810
08059,3.31,22.27,5.21,14.97,0820
08061,4.85,1.71,4.68,4.9,0860
08063,133.69,110.88,157.72,126.5,0860
08065,2.16,14.01,1.47,11.47,0810
08067,75.51,322.14,72.5,321.15,0870
08069,54.14,119.13,85.75,363.91,0820
08071,21.2,21.09,21.18,66.9,0890
08073,7.03,4.54,4.72,3.45,0860
08075,102.53,143.12,112.38,157.76,0820
08077,87.25,756.96,82.26,742.36,0870
08079,1.46,7.02,1.53,15.61,0880
08081,30.16,121.18,26.89,151.54,0810
08083,73.25,185.09,71.25,245.42,0870
08085,97.48,671.64,97.77,690.28,0870
08087,109.7,122.61,137.2,165.22,0820
08089,57.38,349.07,64.51,431.43,0890
08091,14.77,94.26,16.04,103.6,0870
08093,0.89,33.64,5.74,22.16,0810
08095,68.13,73.62,66.69,57.39,0860
08097,11.15,117.31,9.72,116.37,0810
08099,111.6,110.39,128.09,143.8,0890
08101,31.95,265.53,27.13,154.15,0890
08103,32.48,135.75,30.83,246.94,0810
08105,112.21,557.03,114.81,577.23,0880
08107,52.34,171.63,49.23,191.65,0810
08109,138.64,366.3,124.87,269.47,0880
08111,0,0,0,0,0870
08113,23.22,47.09,20.7,36.79,0870
08115,43.45,73.59,48.03,60.65,0820
08117,5.82,50.12,5.22,60.63,0810
08119,1.08,2.48,0.45,4.1,0810
08121,37.99,46.18,46.53,70.66,0860
08123,294.88,366.35,392.3,417.44,0820
08125,245.57,323.08,259.46,212.1,0860
09001,2.65,2.01,4.41,4.04,0910
09003,7.09,4.09,10.26,9.19,0910
09005,1.32,0.72,1.48,1.43,0910
09007,1.2,0.79,1.26,1.13,0910
09009,2.74,1.47,4.95,4.9,0910
09011,1.63,1.17,1.69,1.52,0910
09013,0.8,0.5,1.13,1.1,0910
09015,0.82,0.56,0.64,0.65,0910
10001,37.04,28.03,36.5,27.22,1050
10003,3.94,2.18,4.26,3.7,1020
10005,87.29,82.7,92.25,70.41,1080
12001,12.85,15.3,12.83,21.07,1250
12003,0.2,0.35,0.32,0.77,1230
12005,2.32,3.08,2.63,3.32,1210
12007,1.42,1.43,0.37,0.59,1250
12009,28.15,38.27,22.65,75.9,1280
12011,27.4,47.81,28.4,41.14,1280
12013,3.06,2.85,2.76,2.15,1210
12015,47.52,14.22,44.55,50.13,1280
12017,4.59,4.97,4.72,6.72,1250
12019,1.82,1.56,2.37,8.07,1250
12021,108.33,142.42,102.49,198.07,1280
12023,2.67,2.13,2.87,5.62,1230
12027,110.07,41.39,112.03,71.24,1280
12029,5.68,4.09,2.21,2.8,1230
12031,4.24,8.57,3.22,9.44,1230
12033,3.83,3.04,5.9,6.37,1210
12035,14,13.57,6.53,12.63,1250
12037,0.25,0.16,0.15,0.3,1210
12039,4.47,6.68,4.96,11.95,1210
12041,14.15,12.02,6.11,6.56,1250
12043,20.17,121.06,18.28,152.7,1280
12045,0.1,0.11,0.09,0.11,1210
12047,14.87,18.25,8.47,9.97,1230
12049,83.55,32.6,76.88,46.22,1280
12051,88.61,379.14,80.61,417.32,1280
12053,5.14,3.99,5.87,7.48,1250
12055,85.23,83.45,79.8,96.45,1280
12057,61.66,48.44,64.09,69.8,1250
12059,0.68,0.6,2.37,1.71,1210
12061,60.15,57.77,56.69,126.92,1280
12063,30.93,24.52,27.99,15.48,1210
12065,3.44,4.58,2.22,5.45,1210
12067,8.11,7.1,5.04,4.31,1230
12069,23.97,41.37,21.2,51.21,1250
12071,56.29,61.32,55.1,107.72,1280
12073,1.23,2.05,1.12,1.8,1210
12075,10.67,15.53,22.03,28.52,1250
12077,0.04,0.06,0,0,1210
12079,16.66,13.57,9.26,10.38,1230
12081,110.07,54.85,116.24,84.89,1280
12083,27,15.7,18.83,21.27,1250
12085,24.96,108.99,35.45,53.68,1280
12086,50.87,40.01,50.81,79.28,1280
12087,0.23,1.07,0.27,1,1280
12089,8.5,3.54,1.25,4.43,1230
12091,1.76,3.03,2.2,3.81,1210
12093,32.49,11.5,37.98,54.99,1280
12095,19.01,18.45,17.42,32.1,1250
12097,29.7,18.49,31.92,56.72,1250
12099,457.65,598.52,457.1,458.19,1280
12101,17.52,8.95,20.65,17.05,1250
12103,3.31,2.15,3.74,3.02,1250
12105,93.89,91.1,120.11,121.26,1250
12107,12.05,22.36,10.5,22.1,1250
12109,25.98,43.09,22.65,26.85,1250
12111,48.6,43.76,60.52,69.23,1280
12113,1.27,1.38,4.64,8.39,1210
12115,32.92,10.27,33.27,10.26,1280
12117,4.88,4.69,4.38,12.46,1250
12119,11.16,7.25,10.63,10.13,1250
12121,26,28.09,16.55,22.9,1230
12123,0.22,0.08,0.12,0.41,1230
12125,0.8,1.14,0.95,0.96,1250
12127,13.78,24.21,3.95,52.02,1250
12129,0.17,0.32,0.15,0.4,1210
12131,1.09,3.97,2.45,2.58,1210
12133,0.78,0.91,1.41,1.07,1210
13001,10.31,4.19,8.25,1.91,1390
13003,10.31,1.7,7.65,0.45,1380
13005,8.49,4.07,7.13,0.81,1390
13007,40.34,23.55,43.65,35.44,1370
13009,0.05,0.05,0.05,0.08,1350
13011,0.12,0.13,0.01,0,1330
13013,0.48,0.51,0.48,0.79,1320
13015,2.28,2.05,2.28,2.72,1310
13017,8.32,3.27,8.48,2.37,1380
13019,19.36,5.44,16.56,3.11,1380
13021,0.35,1.08,0.35,0.65,1350
13023,14.7,6.04,13.71,7.16,1350
13025,1,0.04,0.73,0.3,1390
13027,24.65,9.64,22.73,6.58,1380
13029,0.17,0.17,0.12,0.07,1390
13031,17.85,4.93,16.2,2.22,1360
13033,32.97,17.9,24.76,6.5,1360
13035,0.11,0.25,0.11,0.19,1350
13037,27.51,16.79,30.03,26.85,1370
13039,0.44,0.39,0.7,0.76,1390
13043,6.66,2.03,6.14,1.27,1360
13045,0.29,0.3,0.62,0.69,1340
13047,0.62,0.7,0.62,1.01,1310
13049,0,0,0,0,1390
13051,0.69,0.71,1.56,1.22,1390
13053,0,0,0,0,1340
13055,0,0,0,0,1310
13057,1.41,2.19,1.38,2.4,1320
13059,0.63,1.42,0.63,1.23,1320
13061,7.28,3.83,7.56,4.35,1370
13063,0.1,0.1,0.1,0.16,1340
13065,3.85,0.43,3.28,2.62,1380
13067,1.19,1.37,1.13,1.97,1320
13069,27.44,8.98,25.52,3.75,1380
13071,47.46,20.22,48.01,17.02,1380
13073,0.69,0.71,0.6,1.06,1360
13075,16.48,7.9,16.06,5.92,1380
13077,1.22,1.35,1.2,1.72,1340
13079,2.91,1.26,4.38,1.85,1350
13081,28.66,14.59,30.26,16.34,1380
13083,0,0,0,0,1310
13085,0.12,0.13,0.3,0.32,1320
13087,69.63,56.17,71.35,69.58,1370
13089,1.41,1.48,1.42,2.32,1320
13091,17.55,6.8,16.18,10.48,1350
13093,45.86,13.79,44.8,26.11,1380
13095,20.93,14.54,19.48,17,1370
13097,0.37,0.38,0.36,0.6,1340
13099,46.28,21.56,51.22,35.02,1370
13101,2.93,1.5,2.91,1.17,1380
13103,2.6,1.08,1.18,0.23,1360
13105,0.4,0.88,0.57,0.48,1330
13107,5.73,2.07,4.64,2.74,1360
13109,6.79,2.73,7.84,2.25,1390
13111,0.2,0.02,0.2,0.02,1320
13113,0.73,0.66,0.64,0.87,1340
13115,2.37,1.59,2.27,2,1310
13117,0.28,0.44,0.43,0.58,1320
13119,0.37,0.97,0.37,0.42,1330
13121,2.18,2.51,3.61,3.73,1320
13123,0.2,0.21,0.32,0.33,1320
13125,0.2,0,0.09,0.04,1360
13127,2.09,2.24,2.04,3.46,1390
13129,1.81,1.17,1.97,1.46,1310
13131,17.08,5.53,17.31,6.16,1370
13133,0.91,1.14,1.06,1.91,1350
13135,1.3,1.34,1.13,1.87,1320
13137,0.27,0.22,0.47,0.58,1330
13139,0.84,0.68,1.11,1.37,1320
13141,0.31,0.56,0.31,0.65,1350
13143,0.14,0.14,0.14,0.22,1340
13145,0.03,0.03,20.03,0.2,1340
13147,1.07,0.92,0.99,1.12,1330
13149,0,0,0,0,1340
13151,1.82,1.55,1.64,2.41,1340
13153,14.18,6.03,11.35,6.71,1350
13155,36.67,15.78,34.24,7.73,1380
13157,0.3,0.29,0.31,0.43,1320
13159,0.18,0.37,0.17,0.46,1350
13161,11.03,2.33,10.67,2.51,1380
13163,25.38,15.87,21.12,7.09,1360
13165,11.86,6.85,8.96,1.78,1360
13167,3.18,0.98,2,0.79,1350
13169,0.15,0.16,0.23,0.27,1350
13171,0.57,1.1,0.67,1.35,1340
13173,5.25,1.38,6.42,0.91,1380
13175,10.11,3.89,8.44,5.52,1350
13177,42.83,27.26,46.62,40.15,1370
13179,0,0,0.03,0.02,1390
13181,0,0,0,0,1330
13183,0.89,0.05,0.96,0.46,1390
13185,8.32,2.03,6.62,1.59,1380
13187,0.2,0.21,0.21,0.28,1320
13189,0.72,0.43,1.06,4.09,1360
13191,0.15,0.16,0.15,0.25,1390
13193,25.53,11.98,30.63,18.59,1340
13195,0.18,0.19,0.18,0.3,1330
13197,4.43,0.85,5.99,1.48,1340
13199,0.3,0.18,0.3,0.21,1340
13201,56.82,35.22,60.44,45.99,1370
13205,88.03,52.04,85.53,60.79,1370
13207,0.43,0.43,0.48,0.64,1350
13209,3.28,1.01,2.27,0.8,1350
13211,1.67,1.5,1.39,1.99,1350
13213,0.3,0.19,0.26,0.23,1310
13215,0.4,0.41,0.51,0.87,1340
13217,0.69,0.53,0.7,0.82,1350
13219,1.49,3.44,1.51,4.02,1320
13221,0.34,0.27,0.39,0.31,1330
13223,0.46,0.59,0.45,0.85,1310
13225,11.4,4.27,9.56,6.96,1350
13227,0.09,0.09,0.06,0.11,1320
13229,12.69,3.78,12.07,2.28,1390
13231,1.52,1.15,1.49,1.39,1340
13233,0.15,0.16,0.15,0.26,1310
13235,24.37,10.34,21.58,15.89,1350
13237,0.49,0.35,0.53,0.47,1350
13239,0.24,0.05,0.5,0.25,1370
13241,0.28,0.26,0.37,0.42,1330
13243,28,17.81,29.71,24.18,1370
13245,1.15,0.59,0.58,0.9,1360
13247,0.55,0.58,0.43,0.71,1350
13249,1.41,0.15,1.83,0.4,1340
13251,24.65,13.01,23.46,3.57,1360
13253,52.94,44.26,51.95,44.58,1370
13255,0.45,0.28,0.28,0.42,1340
13257,0.3,0.31,1.4,2.29,1330
13259,3.42,0.71,4.78,0.96,1370
13261,44.4,20.57,49.39,36.1,1370
13263,0,0,0.02,0.01,1340
13265,0,0,0,0,1350
13267,18.19,6.96,19.42,4.81,1390
13269,0.32,0.29,3.89,2.2,1340
13271,10.24,2.38,8.43,4.07,1380
13273,30.06,14.89,28.79,24.11,1370
13275,13.93,3.69,13.63,3.07,1370
13277,25.07,12.44,25.75,10.75,1380
13279,15.01,8.43,12.14,7.01,1390
13281,0.09,0.09,0.1,0.17,1320
13283,1.85,1.73,1.44,1.16,1350
13285,0.08,0.08,0.09,0.13,1340
13287,31.23,11.48,33.24,8.53,1380
13289,2.44,1.26,2.1,0.43,1350
13291,0.19,0.19,0.25,0.39,1320
13293,0.95,0.4,0.94,0.35,1340
13295,0,0,0.01,0.01,1310
13297,1.22,2.44,1.26,2.99,1320
13299,5.61,1.37,4.27,1.3,1390
13301,0,0,0,0,1360
13303,8.56,1.24,7.43,7.64,1350
13305,6.52,2.25,4.86,1.09,1390
13307,11.08,4.37,12.5,7.91,1370
13309,4.85,1.99,4.82,2.16,1350
13311,0,0,0.04,0.05,1320
13313,0.13,0.13,0.33,0.59,1310
13315,20.09,8.45,18.4,7.65,1380
13317,0.03,0.06,0.03,0.08,1330
13319,0.24,0.04,0.08,0.05,1350
13321,50.89,23.49,34.48,16.42,1380
15001,39.1,26.66,86.03,23.63,1511
15003,26.71,83.74,22.32,73.57,1562
15007,20.34,25.85,13.47,41.44,1524
15009,48.91,248.81,47.59,184.82,1535
16001,41.45,224.48,61.64,753.42,1670
16003,7.61,35.05,27.78,74.72,1670
16005,49.72,218.52,34.19,134.41,1690
16007,48.61,253.15,38.12,175.12,1690
16009,2.89,10.3,0.46,1.31,1610
16011,256.28,841.92,332.5,943,1690
16013,55.76,215.3,34.35,95.77,1680
16015,0.95,3.81,1.79,5.4,1670
16017,2.2,7.27,2.09,5.24,1610
16019,192.24,771.68,204.06,625.69,1690
16021,35.59,136.38,38.02,98.55,1610
16023,51.62,191.12,53.84,159.83,1690
16025,80.08,317.58,56.23,164.49,1680
16027,170.7,918.06,193.8,698.55,1670
16029,98.54,448.03,70.25,272.43,1690
16031,256.11,973.02,258.4,798.56,1680
16033,38.68,144.61,36.2,96.22,1690
16035,9.93,32.42,7.89,21.18,1610
16037,19.39,83.62,29.08,89.43,1690
16039,91.83,377.85,101.27,355.58,1670
16041,74.69,305.83,63.02,219.31,1690
16043,114.61,365.64,140.15,349.83,1690
16045,20.74,147.15,26.47,465.51,1670
16047,96.95,408.15,112.97,398.37,1680
16049,24.81,89.23,0.8,2.15,1610
16051,163.97,619.73,228.77,1393.72,1690
16053,141.55,536.73,158.05,1203.02,1680
16055,30.53,85.72,10.79,26.95,1610
16057,48.93,182.94,0.93,2.64,1610
16059,20.59,90.89,84.99,233.41,1690
16061,13.8,47.18,0.31,0.65,1610
16063,55.28,248.53,77.24,276.47,1680
16065,129.5,364.36,148.15,471.28,1690
16067,241.16,816.83,201.09,622.53,1680
16069,44.45,151.21,0.83,2.18,1610
16071,151.1,735.27,42.34,175.45,1690
16073,154.48,773.82,127.93,551.38,1670
16075,70.05,425.5,54.3,236.11,1670
16077,192.48,539.99,166.71,433.28,1690
16079,0.46,1.09,0.81,0.84,1610
16081,119.68,405.66,63.42,176.99,1690
16083,297.37,1319.41,241.4,962.07,1680
16085,3.04,13.36,25.06,65.96,1670
16087,68.4,414.54,44.19,200.99,1670
17001,4.85,1,3.78,0.83,1730
17003,3.97,2.37,0.32,0.22,1780
17005,0.02,0.01,0.04,0.05,1760
17007,1.69,0.86,1.93,0.48,1720
17009,0.03,0.02,0.02,0.01,1730
17011,12.42,5.92,5.08,1.47,1710
17013,0,0,0,0,1760
17015,9.78,1.13,6.76,1.83,1710
17017,25.56,9.38,16.4,2.26,1760
17019,15.01,4.61,6.21,2.86,1750
17021,0.1,0.11,0.14,0.14,1760
17023,10.91,5.01,8.36,3.14,1770
17025,0.05,0.03,0.02,0.02,1770
17027,1.26,0.63,1.31,0.46,1780
17029,0.2,0.28,0.2,0.21,1770
17031,3.83,4.37,4.01,3.68,1720
17033,7.43,5.56,5.5,3.03,1770
17035,0,0,0,0,1770
17037,0.78,0.49,0.27,0.29,1720
17039,0.08,0.08,0.06,0.08,1740
17041,0.25,0.22,0.08,0.09,1770
17043,2.74,2.77,2.2,2.09,1720
17045,0.11,0.07,0.2,0.15,1770
17047,0,0,0.1,0.07,1790
17049,0.1,0.1,0.35,0.17,1770
17051,0.06,0.04,0.16,0.09,1770
17053,1.45,0.55,0.69,0.37,1750
17055,0.19,0.22,0.15,0.2,1790
17057,0.2,0.07,0.26,0.08,1730
17059,31.5,7.4,24.53,23.06,1790
17061,0.01,0.01,0.01,0.01,1760
17063,0.6,0.25,0.08,0.08,1720
17065,0.27,0.1,0.02,0.03,1790
17067,2.71,0.38,1.62,0.17,1730
17069,0.04,0.01,0.02,0.03,1790
17071,18.97,1.6,16.76,3.26,1730
17073,8.55,2.93,2.92,0.6,1710
17075,3.03,0.85,4.14,1.98,1750
17077,1.07,0.33,0.54,0.49,1780
17079,0,0,0.02,0.02,1770
17081,0.19,0.12,0.1,0.06,1790
17083,0.14,0.12,0.08,0.09,1760
17085,0.81,0.56,0.42,0.37,1710
17087,0.19,0.12,0.04,0.05,1780
17089,1.6,1.34,4.02,2.04,1720
17091,22.34,5.93,13.32,6.29,1750
17093,0.66,0.24,2.23,0.76,1720
17095,0.25,0.32,0.26,0.19,1730
17097,3.02,3.69,3.42,3.12,1720
17099,4.31,1.96,0.37,0.41,1720
17101,26.92,12.24,16.6,7.76,1770
17103,28.84,5.57,23.65,10.89,1710
17105,0.12,0.12,0.16,0.19,1750
17107,0.99,0.5,0.06,0.06,1740
17109,0.2,0.14,0.16,0.1,1730
17111,5.21,3.27,7.49,3.52,1720
17113,1.94,0.54,0.37,0.44,1740
17115,0.22,0.29,0.3,0.34,1740
17117,0.18,0.14,0.18,0.15,1760
17119,0.62,0.74,0.72,0.62,1760
17121,0.26,0.15,0.28,0.26,1770
17123,2.44,0.23,0.57,0.15,1740
17125,146.05,66.99,111.07,59.7,1740
17127,5.18,3.1,8.12,4.44,1790
17129,4.97,1.51,3.22,0.86,1740
17131,12.73,4.53,7.56,1.26,1710
17133,2.45,0.72,3.53,1.88,1780
17135,0.38,0.24,0.49,0.17,1760
17137,3.39,1.09,2.2,0.39,1760
17139,0.09,0.1,0.94,0.34,1770
17141,0.48,0.27,0.31,0.32,1710
17143,4.01,1.06,3.84,1.36,1740
17145,0.05,0.04,0.04,0.04,1780
17147,0.56,0.3,0.5,0.18,1750
17149,0.04,0.04,0.22,0.35,1760
17151,0.44,0.22,0,0,1790
17153,1.76,0.77,0.02,0.03,1780
17155,1.35,0.46,0.13,0.1,1710
17157,0.1,0.07,0.48,0.32,1780
17159,0.08,0.06,0.04,0.05,1770
17161,7.18,1.77,3.36,0.63,1710
17163,0.6,0.56,1.73,1.32,1780
17165,0.15,0.11,0.17,0.11,1790
17167,0.42,0.53,0.39,0.33,1760
17169,3.33,0.22,1.12,0.23,1730
17171,0.02,0.02,6.27,2.26,1760
17173,0.11,0.1,0.1,0.1,1770
17175,0.01,0,0.02,0.02,1740
17177,0.2,0.22,0.2,0.21,1710
17179,50.21,20.97,40.72,13.24,1740
17181,0.2,0.08,0.16,0.14,1780
17183,2.03,0.67,0.89,0.45,1750
17185,2.37,0.84,1.85,1.2,1790
17187,0.08,0.1,0.06,0.05,1730
17189,0.06,0.06,0.08,0.1,1780
17191,1.5,0.52,2.48,1.65,1790
17193,26.79,11.17,24.18,19.13,1790
17195,69.88,12.82,61.98,17.67,1710
17197,2.71,1.78,3.81,2.19,1720
17199,0.19,0.35,0.24,0.32,1780
17201,0.76,0.75,0.52,0.52,1710
17203,0.44,0.24,0.13,0.14,1740
18001,0.28,0.03,0.18,0,1830
18003,1.13,0.28,0.73,0.06,1830
18005,13.58,4.36,10.21,5.43,1850
18007,5.5,0.35,4.05,0.07,1810
18009,0.01,0,0.01,0,1860
18011,1.17,0.42,1,0.4,1850
18013,0.13,0.02,0.06,0,1880
18015,0.44,0,0.35,0,1820
18017,2.06,0.29,3.13,0.07,1820
18019,0.56,0.16,0.42,0,1890
18021,0.18,0,0.13,0,1840
18023,1.04,0,0.77,0.03,1850
18025,0,0,0.01,0,1880
18027,5.9,0.42,3.66,0.23,1870
18029,0.17,0.06,0.12,0,1890
18031,0.04,0,0.1,0,1850
18033,0.84,0.38,0.76,0.26,1830
18035,0.3,0.39,0.47,0.08,1860
18037,0.31,0.11,0.37,0,1870
18039,25.85,6.82,22.03,10.75,1820
18041,0.04,0,0.03,0.03,1860
18043,0.09,0.01,0.02,0,1880
18045,0.64,0.08,0.42,0.18,1840
18047,0.13,0.02,0.1,0.01,1890
18049,23.06,7.91,19.55,4.69,1820
18051,4.83,0.43,4.94,0.6,1870
18053,0.35,0.19,0.02,0,1850
18055,2.2,0.04,1.26,0.03,1870
18057,4.28,1.13,1.95,0.47,1850
18059,0.28,0.03,0.2,0.05,1850
18061,0.03,0,0.06,0,1880
18063,0.53,0.18,0.02,0,1850
18065,0.15,0.22,0.56,0.11,1860
18067,0.34,0.12,0.06,0,1850
18069,0.8,0.01,0.32,0,1830
18071,3,2.32,1.95,1.7,1880
18073,21.18,14.55,22.58,15.48,1810
18075,0.96,0.09,0.71,0.04,1860
18077,0.04,0,0.01,0,1890
18079,0.15,0,0.57,0,1890
18081,3.34,0.44,2.13,0.33,1850
18083,34.98,8.12,30.21,5.33,1870
18085,18.24,7.32,28,10.5,1820
18087,25.62,7.65,24.72,14.43,1830
18089,8.51,4.45,9.68,8.14,1810
18091,54.64,24.63,47.85,16.43,1810
18093,0.38,0,0.28,0,1880
18095,1.12,0.16,1.52,0.13,1850
18097,1.09,0.78,0.37,0.32,1850
18099,13.68,1.95,8.61,2.47,1820
18101,0.47,0.04,1,0.01,1870
18103,3.06,0.23,2,0.34,1820
18105,0.17,0.09,0.08,0,1880
18107,1.21,0.18,1.6,0,1840
18109,0.1,0.03,0.04,0,1850
18111,6.26,0.84,5.73,2.88,1810
18113,13.78,2.87,8.37,4.9,1830
18115,0.26,0.24,0.16,0.17,1890
18117,0.08,0.08,1,0,1880
18119,0.17,0,0.06,0,1840
18121,2.75,0.62,1.63,0.83,1840
18123,0.09,0,0.01,0,1880
18125,0.08,0.04,0.01,0,1870
18127,10.24,1.47,8.86,1.1,1810
18129,16.43,1.27,8.81,3.45,1870
18131,18.58,4.51,19.98,3.36,1810
18133,0.15,0,2,0,1840
18135,0.36,0.01,0.08,0,1860
18137,0.15,0,0.03,0,1890
18139,0.48,0.05,0.5,0,1850
18141,27.91,7.83,25.01,7.64,1820
18143,0.03,0,0.02,0,1890
18145,4.32,0.86,3.33,0.99,1850
18147,0.17,0.63,0.43,0.6,1870
18149,25.8,4.52,17.3,4.07,1810
18151,2.38,0.85,1.54,1.01,1830
18153,6.11,2.98,9.66,2.38,1870
18155,0.13,0,0.06,0,1890
18157,4.49,0.75,5.53,0.6,1840
18159,1.2,0,0.06,0.01,1850
18161,0.08,0.06,0.01,0,1860
18163,1.56,0.32,1,0.19,1870
18165,2.11,0.08,1.5,0.31,1840
18167,1.24,1.51,2.13,1.27,1840
18169,2.21,0.66,1.09,0.42,1820
18171,2.13,0.2,4.36,0.07,1840
18173,0.29,0.01,0.16,0,1870
18175,0.13,0,0.06,0,1880
18177,0.97,0.27,0.2,0.04,1860
18179,0.04,0,0.07,0,1830
18181,4.3,1.57,3.37,1.48,1810
18183,2.49,0.47,1.01,0.16,1830
19001,0.1,0.02,0.1,0.04,1970
19003,0,0,0,0,1970
19005,0,0,0,0,1930
19007,0.09,0.02,0,0,1980
19009,0,0,0,0,1940
19011,0.37,0.2,0.11,0.04,1960
19013,1.04,0.16,0.65,0.16,1930
19015,0.11,0.02,0.1,0.11,1950
19017,1.18,0.21,0.63,0.03,1930
19019,0.04,0.01,0.2,0.01,1930
19021,0.21,0.05,0.45,0.06,1910
19023,0.9,0.13,0.23,0.04,1920
19025,0.84,0.16,0.42,0.05,1940
19027,1.01,0.11,0.09,0.08,1940
19029,0.04,0.01,0,0,1970
19031,0.19,0.04,0.07,0.05,1960
19033,1.95,0.19,1.66,0.21,1920
19035,0.15,0.11,0.15,0.2,1910
19037,1.07,0.1,1.05,0.06,1930
19039,0,0,0,0,1980
19041,2.37,0.52,0.51,0.15,1910
19043,0.09,0.04,0,0,1930
19045,0.17,0.03,0.22,0.04,1960
19047,0.77,0.06,0.03,0.05,1940
19049,0.44,0.19,0.92,0.29,1950
19051,0,0,0,0,1990
19053,0,0,0,0,1980
19055,0.08,0.02,0.08,0.03,1930
19057,3.42,0.68,3.24,0.44,1990
19059,1.54,0.71,0.66,0.25,1910
19061,0.36,0.19,0.24,0.2,1930
19063,0.25,0.05,0.13,0.03,1910
19065,0.57,0.15,0.53,0.12,1930
19067,2.05,0.5,1.4,0.15,1920
19069,0.45,0.14,0.09,0.06,1920
19071,4.94,0.86,4.57,0.69,1970
19073,0.35,0.06,0.35,0.13,1940
19075,0.12,0.05,0.05,0.06,1950
19077,0.21,0.03,1.16,0.31,1940
19079,0.09,0.03,0.2,0.04,1950
19081,2.47,0.65,1.36,0.15,1920
19083,0.1,0.01,0.09,0.01,1950
19085,18.33,2.75,31.47,7.25,1940
19087,0,0,0,0,1990
19089,1.27,0.15,0.01,0.01,1930
19091,0.37,0.11,0,0,1920
19093,0,0,0.01,0.01,1940
19095,0.17,0.04,0.97,0.17,1960
19097,0.09,0.03,0.06,0.03,1960
19099,0.23,0.08,1.2,0.17,1950
19101,0,0,0,0,1990
19103,0.89,0.38,0.48,0.24,1960
19105,0.1,0.03,0.01,0.04,1960
19107,0,0,0,0,1990
19109,0.79,0.25,0.65,0.28,1920
19111,1.54,0.54,1.42,0.71,1990
19113,1.13,0.48,1.49,0.36,1960
19115,9.84,3.55,6.84,3.12,1990
19117,0,0,0,0,1980
19119,1.98,0.83,1.07,0.2,1910
19121,0.66,0.16,0.35,0.08,1980
19123,0.04,0.02,0.01,0.02,1990
19125,0,0,0.14,0.02,1980
19127,0.2,0.02,0.3,0.03,1950
19129,2.27,0.4,1.9,0.11,1970
19131,1.47,0.23,0.02,0,1920
19133,44.35,7.66,63.98,13.33,1940
19135,0,0,0,0,1980
19137,0.06,0.01,0.03,0.01,1970
19139,7.47,2.86,5.67,2.5,1960
19141,1.06,0.11,0.23,0.06,1910
19143,2.97,0.67,2.1,0.27,1910
19145,0.05,0.01,0,0,1970
19147,6.26,1.25,5.26,0.83,1910
19149,1.85,0.52,2.31,1.13,1910
19151,0.13,0.02,0.15,0.02,1910
19153,1.67,0.49,1.55,0.5,1950
19155,1.33,0.32,2.78,0.42,1970
19157,0,0,0,0,1950
19159,0.16,0.03,0.16,0.03,1980
19161,1.27,0.17,1.21,0.27,1940
19163,1.2,0.25,0.61,0.27,1960
19165,0.06,0.01,0.28,0.04,1940
19167,10.38,3.06,10.2,2.82,1910
19169,0.51,0.1,1.08,0.25,1950
19171,0.02,0.01,0.02,0.01,1950
19173,0,0,0,0,1970
19175,0,0,0.02,0,1980
19177,0,0,0,0,1990
19179,0,0,0.18,0.04,1990
19181,0.3,0.11,0.15,0.07,1980
19183,0.18,0.11,0.21,0.12,1990
19185,0,0,0,0,1980
19187,0.18,0.04,0.05,0.01,1950
19189,0.11,0.05,0.09,0.04,1920
19191,0.47,0.14,0.25,0.12,1930
19193,10.62,0.33,17.84,2.04,1940
19195,0.67,0.12,0.67,0.43,1920
19197,0,0,0,0,1920
20001,0.11,0.01,0.24,0.08,2090
20003,2.36,0.64,2.06,0.58,2080
20005,0.83,0.22,0.3,0.07,2070
20007,4.94,3.6,4.51,4.01,2060
20009,36.56,31.73,36.05,31.5,2050
20011,0.15,0.02,0,0,2090
20013,7.12,2.3,2.5,0.8,2070
20015,1.68,0.51,1.92,0.99,2090
20017,0,0,0.01,0,2080
20019,0.02,0,0,0,2090
20021,1.69,0.45,0.6,0.2,2090
20023,47.44,49.03,46.21,41.33,2010
20025,4.28,2.44,4.53,3.8,2030
20027,27.51,10.38,22.72,7.17,2040
20029,25.33,9.16,24.14,8.92,2040
20031,0.81,0.23,0.79,0.21,2080
20033,6.88,5.9,7.02,7.26,2060
20035,2.98,1.47,2.87,1.45,2090
20037,1.99,0.42,2.07,0.5,2090
20039,11.43,9.08,10.51,7.95,2010
20041,4.82,2.53,4.66,2.12,2050
20043,2.2,0.39,0.19,0.01,2070
20045,2.95,0.66,2.43,0.85,2080
20047,98.67,99.75,98.92,97.77,2060
20049,0,0,0,0,2090
20051,2.53,1.27,1.7,1.36,2050
20053,1.01,0.54,0.29,0.1,2050
20055,206.21,214.02,217.49,262.3,2030
20057,85.38,70.59,84.97,80.59,2030
20059,0.92,0.69,0.94,0.71,2080
20061,5.6,1.57,4.53,2,2080
20063,21.83,16.67,20.07,16.16,2020
20065,15.56,13.92,14.28,13.17,2010
20067,98.76,95.09,104.23,123.24,2030
20069,156.53,127.64,171.01,184.17,2030
20071,19.42,14.32,21.58,16.95,2020
20073,0.04,0.02,0.1,0.03,2090
20075,35.3,37.03,29.05,40.54,2030
20077,2.5,1.32,2.21,1.55,2060
20079,37.28,23.83,35.93,28.53,2060
20081,170.22,135,185.1,192.31,2030
20083,27.67,17.79,25.61,21.24,2030
20085,0.49,0.09,0.31,0.1,2070
20087,6.05,0.93,4.78,1.29,2070
20089,42.76,30.29,13.42,54.14,2040
20091,3.67,1.71,3.74,2.37,2080
20093,121.81,148.96,100.95,173.51,2030
20095,17.26,15.17,15.69,15.68,2060
20097,53.46,58.65,53.36,57.51,2060
20099,0.07,0.01,0.94,0.29,2090
20101,18.29,11.54,17.94,14.11,2020
20103,1.39,0.27,1.63,0.43,2070
20105,1.5,0.7,1.38,0.34,2050
20107,0.29,0.11,0.2,0.11,2080
20109,9.36,6.89,8.39,5.43,2020
20111,0.25,0.1,0.26,0.07,2080
20113,36.87,24.64,34.5,22.41,2050
20115,3.62,1.47,2.95,1.16,2050
20117,2.64,0.84,2.54,1.05,2070
20119,127,128.17,124.47,150.2,2030
20121,0.39,0.3,0.3,0.12,2080
20123,12.55,12.04,10.22,10.91,2040
20125,0.99,0.21,1.06,0.18,2090
20127,0.17,0.1,0.16,0.09,2080
20129,44.76,40.42,46.19,45.01,2030
20131,1.64,0.46,0.23,0.14,2070
20133,0.11,0.06,0.12,0.05,2090
20135,4.91,3.24,3.99,3.06,2020
20137,15.34,10.99,12.15,11.68,2010
20139,0.42,0.13,0.32,0.08,2080
20141,3.75,2.23,7.14,1.09,2040
20143,7.05,3.27,5.55,1.53,2040
20145,78.01,61.62,75.56,68.5,2060
20147,16.45,17.91,8.69,16.06,2040
20149,15.69,3.2,15.63,3.43,2070
20151,86.1,83.43,85.34,84.84,2060
20153,20.81,16.74,17.97,13.21,2010
20155,62.46,52.18,53.95,48.81,2060
20157,31.63,15.63,57.62,16.23,2040
20159,23.08,19.95,22.54,19.35,2050
20161,5.03,1.06,5.06,1.38,2070
20163,2.3,1.52,2.25,9.28,2040
20165,10.94,9.15,10.62,7.78,2050
20167,0.01,0,0.18,0.06,2050
20169,6.12,3.53,4.58,2.7,2050
20171,44.45,33.35,49.24,37.97,2020
20173,43.98,23.22,41.68,31.55,2060
20175,127.41,137.2,126.4,146.58,2030
20177,10.69,1.44,15.86,4.66,2080
20179,79.75,60.98,77.76,70.01,2010
20181,117.43,102.63,112.03,96.86,2010
20183,4.27,2.05,8.47,1,2040
20185,83.78,84.68,82.88,86.44,2060
20187,99.8,85.65,107.01,111.82,2030
20189,177.54,183.03,172.9,194.89,2030
20191,13.05,6.04,10.26,6.4,2060
20193,102.57,83.13,99.51,79.24,2010
20195,5.73,4.49,5.63,5.14,2020
20197,8.12,1.55,7.78,2.18,2080
20199,48.9,35.79,52.24,44.19,2020
20201,14.37,4.2,11.07,3.03,2040
20203,60.94,36.54,66.15,50.2,2020
20205,1.8,0.52,1.2,0.25,2090
20207,0.11,0.06,0.11,0.04,2090
20209,0.91,0.26,0.62,0.26,2070
21001,0.07,0.03,0.06,0.02,2130
21003,0.36,0.34,0.33,0.2,2130
21005,0.24,0.1,0.09,0.03,2150
21007,0.41,0.19,0.09,0.03,2110
21009,0.31,0.24,0.23,0.18,2130
21011,0.05,0.02,0.11,0.04,2150
21013,0.01,0.01,0.07,0.03,2160
21015,0.51,0.31,0.41,0.21,2140
21017,0.51,0.57,0.22,0.19,2150
21019,0.02,0.01,0.01,0,2160
21021,0.38,0.24,0.18,0.22,2150
21023,0.22,0.09,0.33,0.11,2140
21025,0.01,0.01,0.01,0,2160
21027,0.04,0.02,0.01,0,2130
21029,1.6,0.79,0.43,0.36,2130
21031,0.16,0.07,0.06,0.02,2130
21033,1.91,0.85,2.43,0.86,2120
21035,3.94,1.72,1.71,0.61,2110
21037,0.28,0.15,0.18,0.21,2140
21039,0.67,0.27,0.47,0.17,2110
21041,0.08,0.03,0.1,0.04,2140
21043,0.05,0.02,0.03,0.01,2160
21045,0.1,0.04,0.19,0.07,2130
21047,3.45,1.62,2.72,1.37,2120
21049,0.22,0.1,0.16,0.35,2150
21051,0.18,0.08,0.03,0.01,2160
21053,0.31,0.15,0.03,0.01,2130
21055,1.13,0.5,0.3,0.1,2120
21057,0.37,0.17,0.03,0.01,2130
21059,9.74,4.39,3.52,1.37,2120
21061,0.02,0.01,0.01,0,2130
21063,0.08,0.04,0.15,0.05,2160
21065,0.01,0,0.01,0,2160
21067,1.48,1.36,0.74,1.93,2150
21069,0.16,0.07,0.03,0.01,2150
21071,0,0,0.23,0.08,2160
21073,0.5,0.25,0.44,0.45,2150
21075,2.52,1.09,0.03,0.01,2110
21077,0.05,0.02,0.14,0.04,2140
21079,0.2,0.09,0.13,0.04,2150
21081,0.05,0.02,0.25,0.09,2140
21083,4.49,2,3.16,1.13,2110
21085,0.13,0.03,0.06,0.2,2130
21087,0.08,0.03,0.19,0.07,2130
21089,0.28,0.16,0.09,0.13,2160
21091,0.56,0.25,0.2,0.07,2120
21093,0.89,0.33,0.65,0.27,2130
21095,0.13,0.05,0,0,2160
21097,1.98,0.89,1.67,0.59,2150
21099,0.19,0.08,0.1,0.04,2130
21101,5.98,2.67,4.05,1.45,2120
21103,0.79,0.35,0.95,0.33,2140
21105,6.12,2.73,13.01,4.65,2110
21107,0.29,0.09,0.17,0.09,2120
21109,0.01,0.01,0.02,0.01,2160
21111,0.76,2.43,0.44,1.18,2130
21113,0.49,0.3,0.26,0.55,2150
21115,0.26,0.11,0.18,0.06,2160
21117,0.14,0.04,0.03,0.05,2140
21119,0,0,0,0,2160
21121,0.11,0.05,0.01,0,2160
21123,0.12,0.05,0.17,0.06,2130
21125,0.07,0.03,0.04,0.02,2160
21127,0.03,0.01,0.04,0.01,2160
21129,0.01,0.01,0.02,0.01,2160
21131,0,0,0.06,0.02,2160
21133,0.2,0.05,0.12,0.08,2160
21135,0.02,0.01,0.06,0.02,2160
21137,0.25,0.11,0.2,0.07,2150
21139,0.08,0.04,0.05,0.08,2110
21141,2.78,1.21,0.55,0.19,2120
21143,0.96,0.56,0.16,0.14,2110
21145,0.35,0.18,0.23,0.16,2110
21147,0.01,0,0.1,0.04,2160
21149,1.15,0.51,0.5,0.18,2120
21151,0.37,0.1,0.37,0.14,2150
21153,0.13,0.05,0.11,0.04,2160
21155,0.31,0.14,0.35,0.13,2130
21157,0.18,0.12,0.11,0.19,2110
21159,0,0,0.03,0.01,2160
21161,0.03,0.01,0.03,0.01,2150
21163,0.08,0.04,0.01,0,2130
21165,0.26,0.11,0.01,0,2160
21167,0.05,0.02,0.1,0.04,2150
21169,0.13,0.05,0.09,0.03,2130
21171,0.09,0.04,0.12,0.04,2130
21173,0.01,0,0.05,0.02,2150
21175,0.04,0.02,0.12,0.04,2160
21177,0.23,0.11,0.07,0.03,2120
21179,0.72,0.32,1.57,0.56,2130
21181,0.13,0.06,0.14,0.04,2150
21183,0.57,0.25,0.32,0.11,2120
21185,0.38,0.11,0.23,0.24,2140
21187,0.41,0.28,0.48,0.28,2140
21189,0.12,0.02,0.06,0.02,2160
21191,0.99,0.45,1,0.42,2140
21193,0.13,0.05,0,0,2160
21195,0,0,0,0,2160
21197,0.02,0.01,0.01,0,2160
21199,0.51,0.46,0.23,0.23,2160
21201,0.06,0.02,0.05,0.02,2150
21203,0.03,0.01,0.03,0.01,2160
21205,0.09,0.04,0.05,0.04,2160
21207,0.01,0.01,0.28,0.09,2130
21209,1.06,0.37,1.03,0.41,2150
21211,1.44,0.71,1.55,0.73,2150
21213,0.19,0.08,0.13,0.04,2120
21215,0.42,0.16,0.57,0.23,2150
21217,0.09,0.04,0.17,0.06,2130
21219,1.49,0.67,0.97,0.34,2120
21221,1.59,0.71,1,0.71,2110
21223,0.08,0.04,0.07,0.03,2140
21225,2.71,1.19,2.37,0.84,2120
21227,0.72,0.67,0.36,0.73,2130
21229,0.33,0.15,0.72,0.26,2150
21231,0.15,0.06,0.05,0.02,2160
21233,0.37,0.17,0.21,0.07,2120
21235,0.01,0.01,0.21,0.07,2160
21237,0.05,0.02,0.04,0.01,2160
21239,0.4,0.15,0.61,0.22,2150
22001,85.99,162.79,86.89,164.28,2270
22003,15.82,29.66,13.63,16.07,2270
22005,1.04,0.45,0.22,0.12,2290
22007,1.64,0.7,0.5,0.18,2280
22009,38.84,36.94,32.71,27.22,2250
22011,2.01,2.63,2.95,3.59,2270
22013,0.36,0.15,0.22,0.14,2220
22015,1.48,0.61,2,0.98,2210
22017,15.36,5.71,12.41,7.21,2210
22019,14.16,25.58,9.47,12.01,2270
22021,4.94,2.86,3.84,2.64,2220
22023,11.68,22.7,14.85,21.87,2270
22025,35.51,16.35,37.71,26.54,2250
22027,0.14,0.05,0.05,0.04,2220
22029,42.96,28.02,48.68,37.26,2250
22031,0.28,0.13,0.36,0.22,2210
22033,0.44,0.39,0,0.25,2260
22035,48.64,23.18,30.5,25.28,2230
22037,0.61,0.25,0.46,0.24,2260
22039,49.38,86.3,46.97,50.05,2250
22041,54.28,25.88,48.12,29.52,2230
22043,3.83,1.6,2.1,0.94,2250
22045,2.38,2.72,2.15,1.72,2280
22047,3.44,1.48,1.98,0.79,2280
22049,0,0,0,0,2220
22051,0.11,0.02,0,0.08,2290
22053,81.44,156.35,82.07,134.25,2270
22055,4.12,6.61,5.59,7.07,2280
22057,1.34,0.58,0.14,0.05,2290
22059,0.36,0.15,0.1,0.08,2250
22061,0,0,0,0,2220
22063,0.01,0.01,0.07,0.06,2260
22065,55.78,32.97,64.47,39.54,2230
22067,82.36,83.21,93.62,79.84,2230
22069,16.82,12.16,15.07,10.66,2240
22071,0.1,0.06,0,0.02,2290
22073,15.56,18.26,17.11,16.4,2220
22075,0,0,0,0,2290
22077,24.74,12.37,19.08,11.96,2250
22079,19.37,18.61,22.14,16.08,2250
22081,4.72,2.48,2.81,1.47,2210
22083,43.25,25.13,38.06,27.07,2230
22085,0,0,0,0,2240
22087,0,0,0,0,2290
22089,0.12,0.05,0,0,2290
22091,0.04,0.02,0,0,2260
22093,0.8,0.34,0.17,0.06,2290
22095,0.37,0.16,0.2,0.07,2290
22097,48.67,55.75,45.43,37.45,2250
22099,6.41,8.46,5.99,7.34,2280
22101,1.27,0.77,0.74,0.28,2280
22103,0.05,0.02,0,0,2260
22105,0.4,0.2,0.3,0.27,2260
22107,47.8,24.32,50.89,30.47,2230
22109,0.13,0.06,0,0,2290
22111,0,0,0.01,0,2220
22113,52.7,102.13,42.59,63.08,2270
22115,0,0,0,0,2240
22117,0.92,0.39,0,0.85,2260
22119,0,0,0.01,0.01,2210
22121,2.78,1.98,1.34,0.53,2250
22123,23.23,11.82,18.94,13.48,2230
22125,0.63,0.26,0.52,0.26,2260
22127,0,0,0,0,2220
23001,1.27,0.57,0.97,0.4,2330
23003,11.71,4.03,10.34,2.98,2310
23005,1.81,1.05,1.31,0.55,2330
23007,0.29,0.14,0.15,0.04,2330
23009,1.93,1.16,7.51,1.24,2320
23011,0.91,0.47,0.62,0.27,2330
23013,0.52,0.35,1.78,0.47,2330
23015,0.21,0.12,0.5,0.12,2330
23017,0.71,0.37,1.32,0.33,2330
23019,2.92,1.44,1.72,0.73,2320
23021,0.28,0.13,0.43,0.19,2320
23023,0.34,0.18,0.15,0.03,2330
23025,0.35,0.14,0.29,0.22,2320
23027,0.46,0.23,0.5,0.12,2320
23029,15.18,7.37,19.13,3.18,2320
23031,2,1.14,1.12,0.41,2330
24001,0.33,0.08,0.8,0.25,2410
24003,1.61,0.77,2.03,1.57,2480
24005,1.89,0.86,2.44,2.06,2420
24009,0.21,0.02,0.54,0.07,2480
24011,27.23,14.95,22.83,14.57,2430
24013,1.93,0.21,1.62,0.58,2420
24015,1.12,1.63,1.6,1.83,2430
24017,0.82,0.28,0.97,0.27,2480
24019,22.41,13.55,19.66,15.28,2490
24021,2.66,4.65,2.09,1.27,2420
24023,0.04,0,0.7,0.24,2410
24025,1.2,0.39,1.44,0.87,2420
24027,1,0.44,1.12,0.85,2420
24029,8.46,3.78,7.47,2.99,2430
24031,3.7,1.28,4.42,2.6,2420
24033,2.45,1.02,3.03,2.11,2480
24035,16.24,9.15,12.53,9.03,2430
24037,0.92,0.07,1.18,0.18,2480
24039,0.54,0.42,0.39,0.47,2490
24041,8.13,2.01,3.82,2.04,2430
24043,1.19,0.16,1.15,0.67,2420
24045,9.69,5.31,6.8,6.96,2490
24047,6.29,3.06,6.31,5.32,2490
24510,0,0,0,0,2420
25001,3.11,10.43,3.81,12.75,2510
25003,0.96,0.38,0.56,0.52,2510
25005,3.06,10.08,3.17,8.41,2510
25007,0.42,1.07,0.21,0.25,2510
25009,2.4,1.37,2.33,2.14,2510
25011,2.37,0.8,1.99,0.86,2510
25013,2.11,0.95,2.06,1.31,2510
25015,1.41,0.56,1.57,0.73,2510
25017,3.88,3.42,3.86,4.16,2510
25019,0.37,1.2,0.54,2.51,2510
25021,2.05,1.73,2.1,2.57,2510
25023,14.46,104.27,14.36,99.63,2510
25025,0.16,0.13,0.12,0.12,2510
25027,3.74,2.19,3.61,3.28,2510
26001,0.14,0.12,0.28,0.89,2630
26003,0.05,0.03,0.06,0.02,2610
26005,21.81,14.7,18.4,8.05,2670
26007,0.12,0.11,0.14,0.09,2630
26009,7.07,9.1,1.95,5.57,2620
26011,0.27,0.24,0.1,0.13,2660
26013,0.02,0.01,0,0,2610
26015,5.87,3.63,3.02,1.76,2680
26017,3.75,1.96,3.93,1.23,2660
26019,0.64,0.32,0.63,0.38,2620
26021,16.9,11.75,19.41,9.22,2670
26023,38.65,19.01,41.45,7.69,2680
26025,16.62,6.32,10.31,2.27,2680
26027,58.22,30.69,32.12,15.68,2670
26029,0.42,0.21,0.52,0.5,2620
26031,0.2,0.31,0.37,4.02,2630
26033,0.28,0.15,0.31,0.17,2610
26035,0.38,0.23,0.7,0.16,2650
26037,3.55,2.06,3.98,1.32,2680
26039,0.27,0.4,0.22,0.22,2630
26041,0.48,0.25,0.55,0.13,2610
26043,0.27,0.16,0.63,0.16,2610
26045,0.63,0.24,1.71,0.17,2680
26047,1,0.73,1.12,0.58,2620
26049,1.26,0.34,1.84,0.44,2690
26051,0.07,0,0.04,0.02,2650
26053,0,0,0,0,2610
26055,4.26,1.54,2.39,0.78,2620
26057,12.47,6.84,5.88,2.94,2650
26059,12.71,3.66,4.22,1.4,2680
26061,0.12,0.03,0.19,0.05,2610
26063,2.43,0.78,2.34,1.65,2660
26065,0.97,0.62,2.22,0.87,2680
26067,4.9,1.77,4.24,0.93,2680
26069,0.22,0.32,0.24,0.46,2630
26071,0.32,0.09,0.29,0.2,2610
26073,8.46,8.23,3.84,2,2650
26075,5.92,5.49,4.61,2.67,2680
26077,36.6,15.65,30.7,13.81,2670
26079,4.03,4.76,1.25,0.9,2620
26081,11.16,6.23,10.55,3.88,2670
26083,0.02,0.01,0.02,0.01,2610
26085,0,0,0.05,0.05,2640
26087,1.21,0.32,2.2,0.67,2690
26089,2.47,1.62,1.77,1.06,2620
26091,5.02,1.21,5.28,1.38,2690
26093,1.7,1.16,2.91,1.27,2690
26095,1.48,1.2,0.13,0.47,2610
26097,0.05,0.05,0.06,0.1,2610
26099,3.46,1.75,4.43,1.59,2690
26101,2.89,1.52,2.24,0.85,2620
26103,0.25,0.17,0.18,0.23,2610
26105,4.73,2.96,2.86,0.9,2640
26107,17.19,10.88,8.37,4.79,2650
26109,0.05,0.02,0.09,0.02,2610
26111,1.01,0.22,0.87,0.45,2650
26113,8.47,4.5,3.86,1.12,2620
26115,6.85,1.96,7.14,2.89,2690
26117,55.04,36.13,45.02,22.16,2650
26119,0.18,0.17,0.2,0.15,2630
26121,5.78,2.55,9.68,2.22,2640
26123,8.97,4.41,8.42,1.85,2640
26125,4.51,3.94,6.1,5.05,2690
26127,12.62,4.95,5.59,2.47,2640
26129,0.36,0.22,0.4,0.16,2630
26131,0,0,0.02,0,2610
26133,1.92,0.68,2.26,0.29,2650
26135,0.43,0.21,0.55,0.41,2630
26137,1.59,1.94,1.28,1.38,2630
26139,14.62,8.47,14.41,9.57,2670
26141,1.1,0.23,1.6,0.24,2630
26143,0.29,0.26,0.24,0.21,2630
26145,1.88,1.78,2.93,1.48,2660
26147,0.63,0.28,1.56,0.54,2690
26149,89.87,49.03,103.71,24.92,2680
26151,3.88,0.97,1.59,0.77,2660
26153,0.19,0.17,0.07,0.1,2610
26155,1.37,0.22,1.57,0.3,2680
26157,5.72,3.7,5.99,2.42,2660
26159,37.09,17.31,26.88,17.03,2670
26161,4.1,2.82,3.6,1.93,2690
26163,2.16,0.96,1.9,0.81,2690
26165,2.97,1.97,1.22,1.52,2620
27001,7.57,4.1,5.02,1.94,2760
27003,2.73,2.22,3.59,3.89,2760
27005,19.01,7.11,14.3,4.38,2710
27007,4.97,3.24,4.82,2.43,2720
27009,17.59,7.8,15.79,8.19,2750
27011,3.3,1.05,2.61,0.54,2740
27013,1.93,0.4,1.27,0.22,2780
27015,5.8,2,3.55,1.02,2780
27017,0.1,0.07,0.09,0.06,2760
27019,0.73,0.26,0.79,0.75,2750
27021,6.53,3.34,3.19,2.87,2720
27023,0.88,0.33,0.61,0.1,2740
27025,0.85,0.24,2.58,0.63,2760
27027,6.25,1.51,2.11,0.91,2710
27029,6.26,7.83,5.98,4.68,2710
27031,0.18,0.07,0.18,0.12,2730
27033,2.1,0.54,1.72,0.48,2770
27035,3.98,2.31,3.6,3.2,2760
27037,63.41,17.01,51.28,14.69,2790
27039,1.05,0.12,0.14,0.04,2790
27041,8.54,3.06,6.35,1.57,2740
27043,0.25,0.06,0.06,0.06,2780
27045,0.76,0.1,0.19,0.04,2790
27047,2.5,0.34,0.9,0.09,2780
27049,7.01,1.59,4.65,1.24,2790
27051,5.63,1.62,4.08,0.86,2740
27053,3.46,2.8,5.14,4.83,2760
27055,0.03,0.05,0.16,0.14,2790
27057,25.14,12.28,21.27,7.94,2720
27059,2.3,0.51,1.91,0.76,2760
27061,0.55,0.21,1.36,0.53,2720
27063,0.2,0.07,0.18,0.06,2770
27065,0.06,0.01,0.08,0.01,2760
27067,14.9,4.39,9.88,2.58,2750
27069,3.55,1.17,2.41,0.75,2710
27071,0.89,0.56,0.93,0.42,2720
27073,4.19,1.44,3.5,0.86,2740
27075,0.02,0.01,0.02,0.02,2730
27077,1.2,0.77,1.14,0.56,2720
27079,1.37,0.47,1.01,0.5,2780
27081,0.76,0.15,0.52,0.43,2770
27083,0.38,0.19,0.38,0.16,2770
27085,0.21,0.1,0.21,0.23,2750
27087,0.12,0.09,0.02,0.01,2710
27089,0.19,0.06,0.29,0.1,2710
27091,0.21,0.11,0.15,0.12,2780
27093,9.73,2.43,5.96,1.6,2750
27095,0.87,0.2,0.75,0.24,2760
27097,33.93,12.26,23.91,9.28,2750
27099,7.87,1,1.31,0.47,2790
27101,0.05,0.03,0.05,0.03,2770
27103,0.6,0.14,0.12,0.13,2780
27105,0.22,0.17,0.35,0.19,2770
27107,1.76,0.28,0.26,0.01,2710
27109,0.43,0.23,0.43,0.35,2790
27111,94.61,49.69,71.71,24.7,2740
27113,3.18,0.47,1.76,0.85,2710
27115,0.33,0.13,0.27,0.31,2760
27117,3.5,0.29,2.63,0.12,2770
27119,4.64,6.39,5.1,3.54,2710
27121,54.98,20.31,44.44,14.24,2740
27123,1.23,0.91,1.66,1.31,2760
27125,0.85,1.32,1.13,1.36,2710
27127,0.31,0.21,0.19,0.11,2770
27129,0.74,0.26,0.44,0.26,2750
27131,2.22,0.68,0.84,0.64,2780
27133,0.96,0.12,0.25,0.04,2770
27135,0.06,0.02,0.06,0.04,2710
27137,0.81,0.23,1.12,0.52,2730
27139,0.42,0.4,0.99,0.76,2750
27141,42.18,18.36,39.4,18.34,2750
27143,0.56,0.05,0.02,0.05,2750
27145,55.31,17.61,44.32,13.66,2750
27147,0.9,0.28,0.48,0.09,2780
27149,20.11,5.01,17.98,3.71,2740
27151,40.41,13.94,30.85,7.1,2740
27153,20.58,7.46,15.22,4.44,2750
27155,0.02,0,0.02,0,2740
27157,1.25,0.41,0.62,0.27,2790
27159,29.69,14.25,22.83,5.64,2750
27161,0.08,0.05,0.08,0.07,2780
27163,4.28,1.97,3.78,3.23,2760
27165,6.04,2.31,2.79,0.6,2780
27167,1.48,0.4,1.05,0.17,2740
27169,0.48,0.14,0.48,0.23,2790
27171,6.19,1.85,4.11,2.62,2750
27173,0.46,0.11,0.49,0.11,2740
28001,0.04,0.04,0.01,0.01,2870
28003,0.18,0.16,0.15,0.09,2830
28005,0.07,0.07,0.29,0.18,2870
28007,0.38,0.35,0.21,0.12,2850
28009,0.92,0.85,0.25,0.16,2820
28011,247.78,335.69,305.89,433.57,2810
28013,1.22,1.13,1.2,0.66,2820
28015,12.33,11.44,9.9,6.28,2850
28017,2.95,2.74,9.1,4.87,2860
28019,0.95,0.88,0,0,2850
28021,2.14,1.99,1.07,0.52,2870
28023,0.38,0.35,0.15,0.09,2890
28025,0.82,0.76,0,0,2860
28027,138.02,123.92,147.77,157.13,2810
28029,0.18,0.17,0.2,0.12,2870
28031,0.6,0.55,0,0,2880
28033,17.22,10.26,13.46,14.51,2820
28035,0.84,0.79,1.76,0.95,2890
28037,0.03,0.03,0.11,0.06,2870
28039,0.49,0.45,1.39,0.77,2890
28041,0.22,0.2,1.23,0.66,2890
28043,1.14,1.05,3.29,3.39,2820
28045,0.06,0.05,0.06,0.03,2890
28047,0.07,0.06,0.02,0.01,2890
28049,0.48,0.44,0.08,0.05,2870
28051,51.13,39.13,45.93,32.95,2850
28053,82.73,90.01,90.5,86.69,2840
28055,19.66,34.7,33.41,33.59,2840
28057,0.04,0.04,0,0,2830
28059,0.16,0.15,0.19,0.12,2890
28061,0.04,0.03,0.02,0.01,2890
28063,0.56,0.52,0,0,2870
28065,0.33,0.31,0.22,0.12,2880
28067,0.44,0.4,0.27,0.16,2890
28069,0.13,0.12,0,0,2860
28071,0.64,0.6,0.05,0.03,2820
28073,0.21,0.2,0.08,0.05,2880
28075,0.11,0.11,0.14,0.08,2890
28077,0.78,0.72,0.71,0.26,2880
28079,0.1,0.1,0,0,2850
28081,0.37,0.34,0.15,0.09,2830
28083,164.13,169.22,156.28,164.88,2840
28085,0.18,0.17,0.07,0.04,2870
28087,4.77,4.43,6.8,3.64,2860
28089,0.15,0.13,1.22,0.65,2850
28091,0.16,0.16,0.53,0.28,2880
28093,3.49,3.24,0.14,0.07,2820
28095,0.52,0.47,12.74,6.84,2860
28097,0.69,0.63,0.31,0.19,2850
28099,0.02,0.02,0.08,0.05,2860
28101,0.64,0.59,0.13,0.08,2890
28103,17.3,16.06,13.14,7.13,2860
28105,0.3,0.28,0.26,0.16,2860
28107,30.36,18.13,24.58,31.01,2820
28109,1.03,0.95,0.03,0.02,2890
28111,0.46,0.43,1,0.54,2890
28113,0.22,0.21,0.1,0.05,2880
28115,1.92,1.78,0.05,0.03,2830
28117,0.02,0.01,0,0,2830
28119,68.73,79.15,97.66,129.71,2810
28121,0.04,0.04,0.2,0.11,2850
28123,0.07,0.06,0.14,0.09,2850
28125,61.03,68.85,69.5,68.39,2840
28127,1.17,1.08,0.15,0.09,2880
28129,0.13,0.12,0.14,0.09,2880
28131,0.11,0.11,0.32,0.2,2890
28133,216.72,255.23,242.87,322.72,2840
28135,112.42,97.03,109.99,123.28,2810
28137,2.24,5.52,2.84,3.75,2820
28139,0.25,0.23,0.19,0.1,2830
28141,0.69,0.64,0.01,0,2830
28143,101.4,95.93,111.22,151.51,2810
28145,0.06,0.06,0.01,0.01,2830
28147,0.06,0.06,0.01,0,2880
28149,4.93,4.57,2.08,1.52,2870
28151,220.93,241.38,224.99,267.15,2840
28153,0.54,0.5,0.16,0.1,2890
28155,0.68,0.63,0.15,0.08,2850
28157,0.49,0.45,0.86,1.97,2870
28159,0.05,0.05,0.03,0.02,2860
28161,1.28,1.18,0,0,2820
28163,44.76,37.89,39.52,28.03,2840
29001,0.09,0.1,0.07,0.05,2920
29003,0.29,0.34,0.35,0.09,2910
29005,12.2,14.2,14.15,5.63,2910
29007,15.13,17.59,15.47,5.92,2930
29009,0.37,0.43,0.42,0.29,2970
29011,11.15,12.96,18.06,9.62,2970
29013,2.19,2.56,1.2,0.4,2940
29015,0.7,0.82,0.29,0.21,2950
29017,6.76,7.86,13.21,12.57,2980
29019,5.28,6.15,3.6,0.99,2950
29021,0.44,0.52,0.02,0.01,2910
29023,123.63,143.79,167.9,333.83,2990
29025,0.09,0.12,0.16,0.11,2910
29027,5.43,6.31,4.03,2.82,2950
29029,0.05,0.06,0.4,0.23,2950
29031,11.6,13.48,18.35,10.63,2990
29033,3.48,4.05,4.46,3.3,2920
29035,0.24,0.28,0,0,2980
29037,2.81,3.26,5.26,1.71,2940
29039,0.6,0.68,0.15,0.02,2940
29041,3.88,4.5,2.51,0.55,2920
29043,0.06,0.08,0.15,0.13,2970
29045,3.17,3.7,1.87,1.4,2930
29047,0.64,0.74,0.04,0.03,2910
29049,0.29,0.34,0.3,0.21,2910
29051,0.86,1,0.44,0.05,2950
29053,0.74,0.86,0.39,0.28,2950
29055,0.02,0.04,0.07,0.03,2960
29057,6.52,7.59,8.62,6.37,2970
29059,0.23,0.28,0.21,0.15,2950
29061,0.14,0.16,0.56,0.39,2910
29063,0,0.02,0.08,0.05,2910
29065,0.43,0.52,0.24,0.16,2980
29067,0.37,0.42,0.32,0.22,2980
29069,155.81,181.22,159.48,107.03,2990
29071,1.27,1.47,1.13,0.79,2960
29073,0.37,0.43,0.12,0.04,2960
29075,0.04,0.06,0.02,0.01,2910
29077,0.31,0.37,0.5,0.5,2970
29079,0.53,0.62,0.32,0.23,2920
29081,0.05,0.06,0,0,2910
29083,0.6,0.68,0.48,0.34,2940
29085,0.15,0.18,0.36,0.25,2950
29087,19.03,22.14,22.97,16.08,2910
29089,2.76,3.2,12.05,8.43,2950
29091,0.13,0.16,0.08,0.05,2980
29093,0.48,0.56,0.02,0.02,2980
29095,0.34,0.39,0.3,0.21,2940
29097,3.46,4.03,5.17,3.93,2970
29099,0.3,0.36,0.44,0.25,2960
29101,1.89,2.2,1.37,0.96,2940
29103,0.29,0.34,0.22,0.15,2930
29105,0.2,0.24,0.13,0.08,2950
29107,1.82,2.13,2.06,0.53,2940
29109,2.27,2.64,2.44,1.62,2970
29111,2.02,2.37,2.26,1.58,2930
29113,1.3,1.52,3.09,2.16,2960
29115,0.31,0.37,1.3,0.91,2920
29117,0.43,0.52,0.35,0.24,2920
29119,0.3,0.35,0.32,0.16,2970
29121,0.35,0.4,0.11,0.08,2920
29123,0.15,0.18,0.13,0.09,2980
29125,0.19,0.22,0.05,0.03,2950
29127,3.1,3.6,2.96,2.07,2930
29129,0.2,0.22,0.13,0.09,2920
29131,1.36,1.57,1.22,0.85,2950
29133,86.46,100.56,101.48,80.52,2990
29135,0.22,0.26,0.16,0.11,2950
29137,1.06,1.24,1.47,1.03,2930
29139,3.23,3.76,3.4,0.69,2960
29141,0.22,0.25,0.43,0.3,2950
29143,196.54,228.58,198.84,191.97,2990
29145,0.29,0.34,1.15,0.81,2970
29147,0.34,0.4,0.04,0,2910
29149,0.4,0.47,0.15,0.1,2980
29151,2.28,2.66,0.69,0.03,2950
29153,0.13,0.16,0.18,0.13,2980
29155,122.72,142.72,121.14,106.65,2990
29157,0.84,0.96,0.56,0.01,2960
29159,0.43,0.52,0.56,0.39,2950
29161,0.06,0.08,0.18,0.07,2950
29163,3.72,4.34,1.4,0.42,2930
29165,1.73,2,2.39,1.67,2910
29167,1.34,1.56,1.25,0.66,2950
29169,0.12,0.13,0.22,0.15,2950
29171,0.24,0.28,0.13,0.09,2920
29173,1.13,1.32,0.87,0.25,2930
29175,1.08,1.26,0.74,0.52,2920
29177,7.68,8.93,4.06,3.1,2910
29179,0.03,0.04,0.01,0.01,2980
29181,12.08,14.06,14.78,29.56,2980
29183,1.08,1.25,0.9,0.63,2960
29185,0.5,0.6,0.21,0.15,2940
29186,0.21,0.24,0.37,0.26,2960
29187,0.09,0.11,0.28,0.19,2960
29189,0.51,0.6,1.39,0.9,2960
29195,3.46,4.02,1.48,1.04,2950
29197,0,0,0,0,2920
29199,0.39,0.46,0.33,0.23,2930
29201,72.4,84.2,82.41,95.21,2990
29203,0.04,0.06,0.07,0.03,2980
29205,1.56,1.82,1.45,1.01,2930
29207,226.74,263.71,243.63,327.05,2990
29209,0.14,0.15,0.07,0.04,2970
29211,0.15,0.18,0,0,2920
29213,0.09,0.1,0.42,0.29,2980
29215,0.06,0.08,0.05,0.04,2980
29217,5.35,6.23,7.59,5.8,2940
29219,1.06,1.22,0.91,0.15,2960
29221,0.02,0.04,1.73,1.21,2960
29223,0.39,0.46,0.04,0.03,2980
29225,0.22,0.26,0.66,0.46,2980
29227,0.09,0.12,0,0,2910
29229,0.19,0.21,0.85,0.01,2980
29510,0,0,0,0,2960
30001,195.43,832.32,118.89,478.28,3070
30003,83.81,322.59,54.09,258.75,3080
30005,90.29,343.05,52.68,233.73,3020
30007,45.82,197.95,42.3,190.57,3050
30009,83.33,503.79,62.87,393.87,3080
30011,13.38,34.75,0.04,0.12,3090
30013,54.31,170.92,37.08,147.98,3050
30015,30.09,90.29,9.39,40.42,3020
30017,47.53,131.57,28.45,148.28,3090
30019,2.55,6.24,0.86,3.29,3030
30021,18.9,78.99,18.92,75.89,3030
30023,20.55,68.91,10.94,34.67,3010
30025,0.28,0.5,0.5,0.95,3090
30027,24.42,122.96,10.46,45.72,3050
30029,41.63,69.91,21.02,40.47,3010
30031,120.8,467.69,79.05,314.32,3070
30033,3.1,10.9,0.8,3.21,3030
30035,29.12,69.48,22.69,124.36,3020
30037,6.42,29.14,6.96,39.14,3050
30039,56.5,122.55,25.17,71.34,3010
30041,20.58,48.62,2.09,8.11,3020
30043,24.45,80.92,20,88.57,3070
30045,24.57,132.84,3.03,15.54,3050
30047,133.33,214.6,97.92,382.18,3010
30049,46.22,165.17,35.17,142.86,3050
30051,11.95,38.46,7.37,28.27,3020
30053,5,12.84,0.26,0.89,3010
30055,10.43,31.48,9.2,24.77,3030
30057,126.89,719.16,82.47,430.62,3070
30059,45.84,209.58,41.85,215.98,3050
30061,0.47,1.37,0.68,1.97,3010
30063,31.08,137.04,15.11,47.42,3010
30065,12.03,72.09,10.44,70.96,3050
30067,61.47,279.73,31.8,188.73,3080
30069,15.72,54,9.55,48.91,3050
30071,87.31,315.41,50.4,242.21,3020
30073,90.82,134.58,77.59,241.97,3020
30075,29.5,78.79,9.74,28.04,3090
30077,68.29,167.16,41.92,136.01,3010
30079,14.33,71.39,14.1,71.34,3090
30081,81.46,381.65,42.22,160.73,3010
30083,49.37,322.44,52.88,223.34,3030
30085,27.41,117.62,20.06,84.41,3030
30087,41.05,155.31,32.09,163.25,3090
30089,21.31,65.07,11.95,60.29,3010
30091,11.23,19.2,5.76,18.31,3030
30093,4.36,11.9,2.97,8,3070
30095,26.72,132.05,15.33,84.74,3080
30097,44.04,256.93,24.65,152.58,3080
30099,109.81,392.75,114.75,424.52,3020
30101,8.92,18.91,2.11,6.81,3020
30103,21.13,107.59,20.53,89.48,3080
30105,70.91,242.55,44.25,187.13,3030
30107,26.93,169.36,20.52,125.96,3050
30109,0.46,1.4,0.5,1.83,3090
30111,98.12,418.16,65.25,308.35,3080
31001,242.7,155,222.13,116.13,3180
31003,288.25,143.49,258.2,76.92,3130
31005,12.41,11.67,10.24,4.89,3120
31007,29.45,23.57,13.89,12.62,3110
31009,14.67,14.56,9.29,2.31,3120
31011,203.93,89.44,166.55,57.08,3130
31013,161.94,90.27,153.32,98.75,3110
31015,16.02,13.14,12.51,8.17,3120
31017,65.92,67.56,52.45,48.88,3120
31019,265.56,205.29,250.08,218.37,3150
31021,58.53,27.37,51.05,9.1,3130
31023,135.93,31.39,112.71,49.05,3160
31025,9,1.43,8.34,1.07,3160
31027,129.9,66.33,111.19,24.99,3130
31029,183.42,173.56,182.29,142.11,3170
31031,66.09,61.57,46.55,38.97,3120
31033,60.02,31.09,64.57,39.39,3110
31035,248.81,122.53,219.71,118.11,3190
31037,62.02,24.31,67.72,18.89,3160
31039,55.49,25.62,58.89,5.46,3130
31041,281.87,190.46,229.95,161.82,3150
31043,24.61,11.92,21.65,2.77,3130
31045,31.15,16.7,14.17,5.35,3110
31047,279.21,199.99,280.5,170.75,3150
31049,25.66,20.24,27.22,27.06,3110
31051,33.89,16.43,28.33,7.61,3130
31053,94.25,40.33,108.55,30.1,3160
31055,14.76,9.6,12.08,7.29,3160
31057,114.25,100.75,116.97,105.76,3170
31059,211.76,81.4,206.8,118.37,3190
31061,115.07,67.88,104.18,36.2,3180
31063,71.64,45.47,82.18,34.59,3170
31065,72.67,34.83,60.35,30.65,3180
31067,78.07,48.44,69.81,18.18,3190
31069,42.25,34.29,25.06,26.45,3110
31071,22.89,18.4,18.14,9.68,3120
31073,97.93,71.73,109.28,53.99,3180
31075,2.13,1.23,1.9,1.43,3120
31077,113.83,74.93,89.6,49.85,3150
31079,223.61,220.35,213.63,114.29,3150
31081,276.41,173.35,253.43,140.58,3160
31083,104.95,56.22,91.02,35.86,3180
31085,65.64,51.99,75.93,40.61,3170
31087,33.46,25.32,36.5,23.17,3170
31089,322.88,272.72,275.94,342.57,3120
31091,3.78,3.86,3.4,1.92,3120
31093,140.3,119.73,119.49,165.67,3150
31095,97.78,79.22,83.54,38.42,3190
31097,24.44,15.1,15.28,5.6,3190
31099,225.8,178.41,245.96,100.6,3180
31101,132,96,113.92,106.99,3170
31103,37.36,33.63,25.54,21.03,3120
31105,39.61,21.52,43.09,27.97,3110
31107,88.28,53.7,67.93,29.34,3130
31109,19.32,6.06,18.01,7.67,3160
31111,273.57,205.03,260.56,230.28,3170
31113,32.77,27.14,26.47,11.59,3120
31115,18.02,11.66,14.27,8.51,3120
31117,120.19,10.99,12.38,6.18,3120
31119,16.1,8.59,111.31,31.98,3130
31121,191.33,162.27,185.63,108.82,3160
31123,123.73,103.66,95.3,169.02,3110
31125,81.81,44.19,73.8,34.47,3160
31127,22.3,9.63,20.1,3.73,3190
31129,82.75,58.94,64.94,60.89,3190
31131,9.61,2.79,7,1.66,3190
31133,5.07,3.05,3.49,0.09,3190
31135,128.6,109.22,134.72,95.26,3170
31137,257.3,192.96,279.75,149.49,3180
31139,149.66,76.37,139.74,50.8,3130
31141,224.18,124.04,201.33,105.53,3160
31143,182.9,48.67,168.69,63.05,3160
31145,48.65,36.56,56.16,36.23,3170
31147,14.32,6.15,9.61,1.37,3190
31149,54.67,53.74,42.91,19.82,3120
31151,132.54,68.77,107.91,42.14,3190
31153,12.1,3.98,11.19,3.06,3160
31155,121.17,18.62,104.76,47.72,3160
31157,182.22,152.44,185.65,505.13,3110
31159,154.73,59.06,132.6,48.46,3160
31161,78.57,41.24,80.41,51.76,3110
31163,102.19,68.69,76.84,41.82,3150
31165,42.54,27.69,39.61,94.95,3110
31167,34.94,17.88,36.64,17.19,3130
31169,152.64,101.57,139.22,77.34,3190
31171,3.6,1.79,3.4,0.69,3120
31173,18.71,8.25,14.57,4.2,3130
31175,106.26,76.02,89.79,117.13,3150
31177,21.48,14.81,18.48,2.62,3160
31179,65.75,30.62,44.35,13.47,3130
31181,71.11,39.76,61.99,40.27,3180
31183,70.54,54.55,52.49,37.65,3120
31185,293.08,137.82,265.87,134.3,3160
32001,53.66,163.78,59.89,176.45,3210
32003,8.74,34.48,9.08,14.4,3280
32005,26.04,78.89,32.49,97.57,3210
32007,132.56,349.23,132.4,335.4,3230
32009,17.46,53.29,7.36,25.63,3280
32011,46.66,121.61,39.69,109.36,3230
32013,137.51,440.78,89.57,257.13,3210
32015,37.24,120.04,29.54,99.81,3230
32017,22,59.15,13.19,52.46,3280
32019,87.9,268.29,78.76,202.79,3210
32021,3.07,9.4,0.53,1.61,3280
32023,20.15,61.81,6.89,21.73,3280
32027,52.78,156.31,46.63,80.77,3210
32029,0,0,0.12,0.34,3210
32031,16.68,50.29,12.16,31.65,3210
32033,32.73,92.87,16.77,61.47,3230
32510,2.38,5.88,1.77,5.19,3210
33001,0.6,0.41,0.31,0.08,3310
33003,0.6,0.39,0.34,0.07,3310
33005,0.39,0.21,0.23,0.05,3310
33007,0.31,0.17,0.14,0.03,3310
33009,0.65,0.38,0.5,0.09,3310
33011,1.58,1.41,1.47,0.57,3310
33013,1.23,0.79,1.15,0.36,3310
33015,1.35,0.95,1.07,0.44,3310
33017,0.6,0.38,0.41,0.12,3310
33019,0.24,0.11,0.3,0.11,3310
34001,14.68,15.15,12.19,15.16,3480
34003,0.12,0.85,0.2,0.91,3420
34005,17.08,22.5,13.14,43.96,3450
34007,3.28,1.86,2.76,2.53,3480
34009,2.92,1.37,2.44,1.48,3480
34011,25.14,18.53,19.13,27.88,3480
34013,0.03,0.75,0.03,0.76,3420
34015,11.72,4.95,13.44,6.6,3480
34017,0,0.02,0,0.01,3420
34019,1.54,1.11,1.56,1.05,3420
34021,1.4,0.64,1.07,8.35,3450
34023,3.45,1.94,2.77,2.44,3450
34025,4.87,3.69,6.23,3.87,3450
34027,0.94,0.82,0.89,0.86,3420
34029,0.85,8.25,1.14,8.31,3450
34031,0.11,0.32,0.12,0.25,3420
34033,23.54,7.99,18.76,9.64,3480
34035,0.68,1.53,0.39,1.68,3420
34037,0.35,0.48,0.47,0.58,3420
34039,0.04,0.54,0.04,0.62,3420
34041,2.25,0.65,2.53,0.7,3420
35001,6.72,41.52,7.09,46.39,3510
35003,1.34,19.07,1.34,19.07,3570
35005,49.78,130.81,82.29,216.12,3590
35006,3.32,4.86,3.01,4.86,3510
35007,19.74,54.07,16.18,44.43,3530
35009,91.53,127.56,107.26,150.24,3530
35011,8.42,36.97,11.63,51.07,3530
35013,69.24,372.57,65.71,353.94,3590
35015,37.03,137.42,45.16,168.11,3590
35017,4.12,31.69,4.12,32.27,3570
35019,3.75,18.43,3.82,18.46,3530
35021,1.14,2.26,1.37,2.74,3530
35023,13.82,46.26,17.41,58.31,3570
35025,47.23,148.17,49.36,155.04,3590
35027,4.27,18.92,4.22,19.25,3590
35028,0.07,0,0,0,3510
35029,30.99,103.36,31.03,103.53,3570
35031,0.98,0.98,0.92,0.98,3510
35033,4.29,11.52,4.29,11.52,3530
35035,8.67,20.9,8.65,21.3,3590
35037,11.31,39.24,11.36,39.53,3530
35039,30.22,97.35,31.57,101.7,3510
35041,104.23,165.97,104.27,166.09,3530
35043,8.53,45.18,8.57,45.29,3510
35045,61.11,199.77,85.3,280.44,3510
35047,11.28,32.98,11.46,33.43,3530
35049,11.05,21.69,17.36,35.37,3510
35051,5.99,34.12,7.11,40.6,3570
35053,18.11,120.51,18.9,125.98,3570
35055,27.06,82.2,27.02,82.35,3510
35057,17.35,40.9,22.55,53.17,3530
35059,25.32,35.55,43.57,61.15,3530
35061,20.62,130.46,24.23,153.17,3510
36001,1.28,0.75,1.17,0.86,3660
36003,0.5,0.23,0.57,0.37,3670
36005,0.03,0.02,0.19,0.19,3691
36007,1.14,0.45,1.09,0.7,3680
36009,1.36,0.59,0.93,0.59,3670
36011,0.95,0.37,0.76,0.45,3650
36013,1.74,0.86,2.08,1.8,3670
36015,0.33,0.14,0.34,0.19,3680
36017,0.54,0.29,0.46,0.3,3650
36019,0.41,0.2,0.46,0.23,3630
36021,1.71,1.05,2.28,1.4,3690
36023,0.53,0.19,0.34,0.2,3650
36025,0.5,0.29,0.39,0.25,3690
36027,1.75,1.01,2.17,1.38,3690
36029,4.42,2.01,5.39,3.36,3640
36031,0.6,0.27,0.67,0.35,3630
36033,0.82,0.38,0.57,0.32,3630
36035,0.43,0.19,0.41,0.19,3660
36037,6.78,2.92,8.24,5.02,3640
36039,1.24,0.56,1.22,0.75,3690
36041,0.17,0.08,0.26,0.13,3630
36043,0.43,0.21,0.54,0.29,3650
36045,1.2,0.54,1.11,0.55,3620
36047,0.07,0.05,0.11,0.13,3691
36049,0.34,0.15,0.36,0.18,3620
36051,0.84,0.3,1.07,0.62,3640
36053,1.58,0.82,1.3,0.79,3650
36055,2.99,1.3,3.53,2.15,3640
36057,0.37,0.15,0.35,0.19,3660
36059,2.4,2.83,2.39,2.68,3691
36061,0,0,0,0,3691
36063,4.01,1.83,3.55,2.23,3640
36065,1.63,0.74,1.67,0.76,3650
36067,3.56,1.6,3.74,2.37,3650
36069,1.57,0.68,1.69,1.07,3640
36071,3.75,2.02,5.52,3.5,3690
36073,4.83,2.31,3.73,2.31,3640
36075,1.27,0.66,1.74,1.17,3650
36077,0.64,0.34,0.66,0.4,3650
36079,0.49,0.26,0.65,0.42,3690
36081,0.29,0.23,0.27,0.26,3691
36083,1.04,0.55,1.38,0.88,3660
36085,0.24,0.18,0.24,0.21,3691
36087,0.75,0.63,0.68,0.56,3690
36089,1.13,0.49,0.79,0.39,3620
36091,1.1,0.64,1.26,0.73,3660
36093,0.65,0.42,0.89,0.59,3660
36095,0.71,0.29,0.58,0.36,3660
36097,0.25,0.13,0.33,0.2,3680
36099,0.52,0.24,0.39,0.24,3640
36101,1.5,0.61,1.8,1.13,3670
36103,14.88,9.07,16.52,11.4,3691
36105,0.8,0.52,0.76,0.47,3690
36107,1.27,0.55,0.96,0.6,3680
36109,0.59,0.25,0.61,0.36,3680
36111,5.03,2.34,5.46,3.42,3690
36113,0.49,0.25,0.43,0.21,3630
36115,0.94,0.41,0.79,0.43,3660
36117,2.52,1.46,2.8,1.69,3640
36119,3.16,2.64,3.02,2.46,3690
36121,3.85,1.6,4.18,2.59,3640
36123,0.65,0.38,0.6,0.38,3640
37001,1.84,3.32,2.36,2.9,3740
37003,1.25,2.05,1.16,2.27,3750
37005,1.07,1.87,1.39,2.64,3710
37007,2.29,2.8,0.45,0.64,3760
37009,0.95,3.06,1.43,4.78,3710
37011,1.85,5.1,2.15,6.51,3710
37013,3.53,3.88,1.11,1.2,3780
37015,3.05,2.51,7.51,5.98,3770
37017,5.73,7.3,8.04,8.81,3790
37019,3.87,7.23,4.19,7.64,3790
37021,1.38,1.93,1.27,1.74,3720
37023,2.87,9.45,3.3,11.66,3720
37025,0.75,1.96,0.95,2.08,3760
37027,2.25,7.39,2.96,10.16,3710
37029,0,0,0,0,3770
37031,1.59,2.72,0.83,1.85,3780
37033,0.89,1.57,1.88,2.2,3740
37035,1.48,3.35,1.86,4.26,3750
37037,1.82,2.37,0.77,1.46,3750
37039,0.22,0.33,0.24,0.35,3720
37041,3.79,3.08,6.3,5.25,3770
37043,0.31,0.36,0.28,0.44,3720
37045,0.88,1.43,1.04,1.88,3760
37047,2.74,2.8,2.4,2.36,3790
37049,2.05,3.79,2.33,4.22,3780
37051,3.95,5.84,4.39,6.76,3790
37053,0.81,1.56,1.08,1.99,3770
37055,0.32,0.86,0.24,0.51,3770
37057,1.43,2.91,2.5,5.02,3750
37059,0.6,1.18,1.01,1.77,3750
37061,8.26,7.86,21.52,17.27,3790
37063,1.11,2.17,1.35,2.43,3740
37065,5.05,4.34,6.7,5.97,3770
37067,2.05,4,1.56,3.5,3740
37069,1.81,2.47,4.49,4.84,3740
37071,0.6,1.51,0.79,1.74,3760
37073,3.43,2.98,1.87,1.44,3770
37075,0.06,0.12,0.05,0.11,3720
37077,1.3,1.17,2.72,2.35,3740
37079,6.14,4.98,4.17,3.54,3780
37081,3.4,7.92,4.27,8.46,3740
37083,3.29,3.31,2.2,2.53,3770
37085,8.77,8.86,3.25,4.25,3790
37087,0.88,1.24,1.06,1.5,3720
37089,3.95,4.85,2.55,4.41,3720
37091,4.03,3.52,5.55,4.87,3770
37093,0.71,1.06,0.73,1.2,3790
37095,0.65,0.52,0.66,0.5,3780
37097,2.77,5.7,1.76,4.95,3750
37099,1.1,1.7,1.04,1.76,3720
37101,3.01,4.15,6.36,7.85,3780
37103,2.77,2.45,1.99,1.63,3780
37105,0.98,1.96,2.03,2.63,3750
37107,3.11,3.41,4.02,3.98,3780
37109,0.67,1.53,1.09,1.45,3760
37111,1.73,5.71,1.38,4.73,3720
37113,0.54,0.85,0.59,1.07,3720
37115,0.42,1.06,0.49,0.88,3720
37117,0.8,1.39,1.86,2.32,3770
37119,2.71,6.6,2.61,6.01,3760
37121,0.35,0.73,0.35,1.09,3720
37123,3.28,3.8,0.87,1.92,3760
37125,4.31,9.02,5.24,10.02,3760
37127,3.86,4.24,6.14,5.98,3770
37129,1.25,2.82,1.14,2.6,3790
37131,3.77,3.34,2.7,2.41,3770
37133,5.14,7.94,5.63,8.76,3790
37135,1.47,2.29,0.96,1.65,3740
37137,2.38,2.82,0.81,1.42,3780
37139,0.42,0.79,1.13,1.06,3770
37141,2.64,4.67,5.42,7.6,3790
37143,1.96,2.27,1.56,1.31,3770
37145,0.85,1.28,2.05,2.12,3740
37147,3.18,5.08,4.2,5.71,3780
37149,0.54,1.48,0.64,1.34,3720
37151,1.82,3.81,3.23,7.74,3750
37153,1.09,1.03,1.29,1.65,3760
37155,7.92,6.92,5.18,4.76,3790
37157,1.57,3.05,4.19,6.08,3740
37159,3.55,4.1,1.88,2.72,3750
37161,0.52,1.06,0.74,1.24,3720
37163,15.13,12.77,25,20.75,3790
37165,2.18,2.78,1.1,1.94,3790
37167,1.02,1.39,0.95,1.33,3760
37169,0.83,1.16,0.79,1.11,3740
37171,1.75,4.61,2.05,3.29,3710
37173,0.15,0.2,0.16,0.25,3720
37175,2.15,4.52,1.69,5.01,3720
37177,0,0,0,0.03,3770
37179,1.16,3.12,1.26,3.32,3760
37181,1.26,1.68,1.55,1.56,3740
37183,4.83,9.28,6.17,9.81,3750
37185,0.79,0.89,1.35,1.62,3740
37187,3.72,3.25,2.35,2.34,3770
37189,0.39,0.73,0.61,1.26,3710
37191,4.46,5.36,6.42,7.47,3780
37193,0.43,0.67,0.62,1.08,3710
37195,3.63,4.63,3.15,3.89,3780
37197,0.4,0.6,1.02,1.22,3710
37199,0.49,1.37,0.39,0.97,3720
38001,0,0,0,0,3870
38003,0.95,0.35,0.98,0.46,3860
38005,2.26,0.63,3.85,1.38,3820
38007,0.71,0.28,0.44,0.29,3870
38009,0.36,0.24,0.14,0.09,3820
38011,0.77,0.48,1.01,0.64,3870
38013,0.35,0.21,0.35,0.16,3810
38015,7.28,5.39,6.67,4.89,3880
38017,13.34,3.55,10.4,2.21,3860
38019,0.05,0.01,0.04,0.01,3830
38021,16.74,9.62,11.45,6.04,3890
38023,2.56,1.52,3.35,1.69,3810
38025,1.44,1.07,1.83,1.53,3840
38027,1.77,0.46,1.12,0.39,3850
38029,7.93,6.62,5.94,4.1,3880
38031,4.32,2.7,3.97,1.16,3850
38033,0.32,0.1,0.54,0.09,3870
38035,21.61,8.58,19.53,7.84,3830
38037,2,0.38,5.93,8.78,3880
38039,6.36,1.83,5.34,2.39,3860
38041,0.04,0.02,0.1,0.05,3870
38043,26.2,15.66,23.39,12.94,3850
38045,6.94,4.53,7.63,4.71,3890
38047,2.94,1.5,2.83,1.95,3890
38049,15.65,19.4,15.05,19.86,3820
38051,0.4,0.32,0.13,0.09,3890
38053,21.91,78.53,11.62,33.91,3840
38055,9.31,4.16,6.83,2.52,3840
38057,4.22,1.74,2.82,1.67,3840
38059,3.44,1.94,2.72,1.9,3880
38061,0.55,0.31,0.71,0.5,3810
38063,1.44,0.62,0.64,0.32,3830
38065,5.81,5.64,4.6,4.54,3840
38067,1.35,0.75,1.03,0.63,3830
38069,0.47,0.13,0.64,0.18,3820
38071,0.22,0.16,0.24,0.07,3830
38073,23.97,15.04,18.08,8.45,3890
38075,0,0,0,0,3810
38077,4.53,2.06,2.15,0.5,3890
38079,0.54,0.24,0.5,0.1,3820
38081,16.4,9.71,9.59,3.87,3890
38083,0.32,0.14,0.6,0.14,3850
38085,0.11,0.04,0.14,0.11,3880
38087,0.87,0.49,1.09,0.54,3870
38089,0.25,0.25,0.34,0.28,3870
38091,7.23,1.42,3.16,0.52,3860
38093,5.75,3.49,4.77,2.78,3850
38095,0.02,0,0.19,0.05,3830
38097,0.6,0.09,0.07,0.04,3860
38099,1.33,0.67,1.02,0.4,3830
38101,1.52,0.75,1.67,0.79,3810
38103,0.24,0.11,0.08,0.02,3850
38105,22.43,18.85,26.73,16.2,3810
39001,0.3,0.01,0.14,0.02,3980
39003,0.74,0.34,0.78,0.71,3910
39005,0.5,0.06,0.33,0.07,3920
39007,0.58,0.06,0.71,0.11,3930
39009,0.14,0.02,0.12,0.03,3990
39011,0.15,0.09,0.62,0.03,3940
39013,0.11,0.02,0.17,0.03,3960
39015,0.25,0.01,0.21,0.01,3980
39017,1.14,0.3,0.99,0.59,3970
39019,0.4,0.04,0.75,0.06,3960
39021,3.87,1.15,2.6,2.43,3940
39023,2.1,4.73,1.96,3.86,3940
39025,0.72,0.17,0.59,0.22,3970
39027,0.19,0.09,0.19,0.09,3970
39029,0.64,0.25,0.72,0.35,3930
39031,0.72,0.36,0.3,0.18,3960
39033,0.23,0.06,0.18,0.27,3920
39035,1.48,0.46,1.46,0.57,3930
39037,1.24,0.12,0.53,0.27,3940
39039,0.15,0.14,0.16,0.07,3910
39041,1.62,1.17,1.1,1.81,3950
39043,0.67,6.95,0.48,6.85,3920
39045,0.62,0.37,0.52,0.43,3950
39047,0.03,0.04,0.03,0.16,3950
39049,1.66,1.6,2.43,2.71,3950
39051,0.63,0.07,0.5,0.09,3910
39053,0.2,0,0.13,0,3980
39055,0.81,0.48,0.97,0.29,3930
39057,0.96,1.98,2.01,1.31,3970
39059,0.19,0.02,0.18,0.06,3990
39061,1.8,0.28,2.34,0.43,3970
39063,0.34,0.15,0.33,0.15,3910
39065,0.49,0,0.57,0,3940
39067,0.05,0,0.11,0,3960
39069,0.58,0.03,0.63,0.04,3910
39071,0.25,0,0.3,0,3980
39073,0.05,0,0.12,0.01,3990
39075,0.35,0,0.31,0,3960
39077,3.41,0.95,3.16,0.88,3920
39079,0.13,0,0.06,0,3980
39081,0.31,0.08,0.36,0.11,3960
39083,0.49,0.53,0.4,0.28,3950
39085,2.45,10.15,2.9,6.25,3930
39087,0.12,0,0.09,0,3980
39089,0.86,0.3,1.62,0.68,3950
39091,0.4,0,0.17,0.01,3940
39093,2.61,6.37,2.55,6.51,3920
39095,2.15,0.55,1.96,0.72,3910
39097,0.18,0.02,0.28,0.02,3950
39099,1.57,0.22,1.16,0.22,3930
39101,0.22,0.2,0.26,0.22,3950
39103,1.44,0.73,1.28,0.92,3930
39105,0.35,0,0.69,0,3990
39107,0.24,0.08,0.23,0.35,3940
39109,2.55,1.03,2.41,1.19,3940
39111,0.11,0.04,0.09,0.01,3990
39113,2.09,2.23,1.04,2.6,3970
39115,0.04,0,0.03,0,3990
39117,0.23,0.04,0.23,0.2,3950
39119,0.47,0.19,0.4,0.08,3990
39121,0.14,0,0.01,0,3990
39123,1.77,0.02,0.44,0.1,3920
39125,0.07,0,0.37,0,3910
39127,0.11,0,0.08,0,3990
39129,1.12,1.85,1.14,0.89,3950
39131,0.8,0.05,0.16,0.05,3980
39133,0.95,0.38,1.2,0.41,3930
39135,0.24,0.03,0.28,0,3970
39137,0.68,0.12,0.56,0.21,3910
39139,0.58,0.06,0.57,0.06,3920
39141,4.18,0.45,1.37,0.16,3950
39143,1.08,0.12,0.75,0.51,3920
39145,0.18,0.16,0.15,0.11,3980
39147,0.44,0.1,0.9,0.17,3920
39149,0.12,2.03,0.09,0.06,3940
39151,1.69,1.07,2.05,0.83,3930
39153,1.53,0.73,1.66,0.83,3930
39155,0.93,0.25,1.03,0.4,3930
39157,0.36,0.36,0.52,0.3,3960
39159,0.4,0.19,0.49,0.18,3950
39161,0.82,0.1,0.35,0.15,3910
39163,0,0,0.06,0,3990
39165,1.28,0.48,0.84,0.73,3970
39167,1.95,0,0.33,0,3990
39169,0.97,0.19,0.91,0.12,3930
39171,1.5,0.56,0.71,0.22,3910
39173,1.25,0.31,0.8,0.5,3910
39175,0.1,0.01,0.12,0.03,3920
40001,0.21,0.26,0.67,0.35,4080
40003,1.34,3.17,2.62,2.55,4040
40005,0.09,0.86,0.74,0.45,4060
40007,25.83,55.24,28.51,24.7,4010
40009,6.48,11.49,6.9,5.46,4020
40011,3.3,5.74,5.84,5.46,4020
40013,8.47,6.21,9.49,5.44,4060
40015,31.77,61.6,33.14,21.7,4030
40017,10.51,4.36,3.95,2.57,4050
40019,1.19,0.56,1.28,0.79,4060
40021,1.17,3.46,0.97,2.31,4080
40023,1.11,0.32,0.53,0.08,4090
40025,41.4,136.53,45.51,52.38,4010
40027,1.42,0.75,1.14,0.4,4050
40029,0.38,0.01,0.47,0.13,4060
40031,0.75,0.79,1.45,1.43,4030
40033,0.11,0.17,0.33,0.22,4030
40035,0,0,0,0,4070
40037,0.44,0.2,0.32,0.12,4050
40039,8.58,13.81,4.13,2.78,4020
40041,0.07,0,0.62,0.07,4070
40043,2.49,4.42,3.13,2.45,4020
40045,9.14,11.69,12.83,19.02,4010
40047,8.81,2.15,5.35,1.22,4040
40049,1.15,0.7,0.81,0.47,4060
40051,15.05,27.84,8.46,6.9,4050
40053,1.38,2.41,1.47,1.58,4040
40055,3.84,6.62,3.45,2.96,4030
40057,26.51,28.13,17.8,29.78,4030
40059,6.18,17.95,6.21,6.32,4010
40061,0.53,0.1,1.7,1.25,4080
40063,1.87,4.07,2.24,1.6,4080
40065,62,67.49,55.13,71.35,4030
40067,0.07,0.28,0.33,0.31,4060
40069,1,2.65,0.7,0.77,4060
40071,1.94,5.99,3.57,2.6,4040
40073,9.54,11.36,5.53,3.38,4050
40075,2.81,2.32,2.61,1.92,4030
40077,0.16,0.1,0.44,0.27,4090
40079,6.38,4.74,9.4,4.95,4090
40081,0.8,0.16,2.19,2.31,4050
40083,1.17,1.99,1.6,1.68,4050
40085,1.18,0.92,1.84,1.93,4060
40087,1.82,1.45,1.68,1.75,4050
40089,1.59,1.69,0.42,0.45,4090
40091,0.2,0.08,0.57,0.29,4080
40093,10.62,19.26,8.17,8.14,4040
40095,0.73,2.25,2.25,3.33,4060
40097,0,0,0.79,0.3,4070
40099,0.5,0.66,0,0,4060
40101,7.67,9.7,8.16,6.95,4080
40103,2.04,0.02,0.83,0.85,4040
40105,0.1,0,0.19,0.04,4070
40107,0.77,0.12,1.28,0.6,4050
40109,2.43,3.44,2.93,4.28,4050
40111,0.45,0,0.86,1.24,4080
40113,1.4,1.21,0.44,0.21,4070
40115,0.24,0.09,0.29,0.22,4070
40117,0.09,0.21,0.04,0.01,4070
40119,0.45,0.71,0.9,0.38,4050
40121,1.86,0.05,1.67,2.39,4080
40123,0.94,2.94,0.79,0.6,4060
40125,0.91,1.33,1.4,0.51,4050
40127,1.17,0.76,0.52,0.13,4090
40129,5.6,3.32,4.61,5.74,4020
40131,1.09,1.74,0.81,1.4,4070
40133,0.2,0.05,0.78,0.22,4050
40135,3.52,1.46,1.62,1.34,4080
40137,1,1.02,1.19,1.91,4060
40139,160.63,324.14,156.03,198.4,4010
40141,11.14,16.37,12.97,9.94,4030
40143,4.89,4.87,3.9,2.81,4070
40145,4.18,2.16,5.23,3.3,4070
40147,1.15,0.54,0.5,0.11,4070
40149,7.31,8.92,7.3,4.45,4020
40151,2.89,5.08,1.98,1.4,4040
40153,4.86,5.77,7.56,6.04,4040
41001,77.37,253.12,149.56,489.42,4130
41003,51.23,76.72,11.98,17.83,4110
41005,39.78,100.35,37.49,94.51,4110
41007,0.51,0.7,2.09,3.23,4110
41009,3.47,4.5,4.21,5.47,4110
41011,8.98,18.69,9.07,18.87,4170
41013,46.09,141.3,72.42,222.26,4180
41015,2.35,7.05,3.14,9.53,4170
41017,24.23,70.35,38.65,113.41,4180
41019,28.86,74.81,14.65,37.88,4170
41021,12.69,26.34,8.82,18.29,4120
41023,12.51,37.65,42.87,129.11,4180
41025,147.24,418.27,147.65,419.45,4180
41027,19.26,49.7,16.75,43.19,4120
41029,84.97,333.54,56.84,223.17,4170
41031,58.97,127.84,54.59,118.34,4180
41033,15.04,39.02,7.34,18.91,4170
41035,237.61,656.33,231.68,639.95,4180
41037,109.81,325.67,153.06,453.99,4180
41039,44.44,76.65,22.23,37.99,4110
41041,1.44,2.01,0.87,1.17,4110
41043,59.65,94.32,35.84,56.59,4110
41045,189.1,659.19,173.78,605.76,4180
41047,164.34,310.25,100.53,189.56,4110
41049,72.74,206.26,133.83,379.52,4120
41051,9.87,27.28,9.52,26.12,4110
41053,38.03,64.78,20.18,34.33,4110
41055,2.12,7.49,3.08,10.84,4120
41057,4.56,5.07,12.89,14.35,4110
41059,111.28,292.48,133.83,351.78,4130
41061,75.19,180.55,52.4,125.81,4130
41063,47.62,133.97,41.64,117.12,4130
41065,18.84,49.03,30.74,80.05,4120
41067,70.9,148.22,28.5,58.63,4110
41069,6.1,25.46,8.48,35.4,4180
41071,59.63,112.57,29.51,55.66,4110
42001,2.88,0.95,2.55,0.7,4280
42003,3.17,1.73,3.23,0.72,4270
42005,0.65,0.29,0.67,0.29,4240
42007,0.91,0.4,1.11,0.3,4240
42009,0.32,0.19,0.62,0.29,4280
42011,2.95,1.21,1.85,0.89,4290
42013,0.56,0.23,0.43,0.13,4250
42015,0.24,0.09,0.22,0.09,4220
42017,1.85,0.91,1.65,1.09,4290
42019,1.9,0.8,1.99,0.59,4240
42021,0.56,0.32,0.57,0.1,4250
42023,0.06,0.03,0.06,0.01,4220
42025,0.56,0.27,0.25,0.17,4260
42027,1.5,0.65,1.03,0.43,4250
42029,3.2,1.63,2.46,1.77,4290
42031,0.25,0.12,0.29,0.08,4240
42033,0.39,0.18,0.33,0.18,4250
42035,0.97,0.35,0.76,0.21,4220
42037,0.95,0.36,0.87,0.33,4250
42039,1,0.46,1.23,0.44,4210
42041,2.25,0.86,1.98,0.71,4280
42043,1.68,0.74,1.42,0.51,4250
42045,1.09,0.74,0.28,0.31,4290
42047,0.22,0.12,0.21,0.05,4220
42049,2.22,0.96,2.66,0.89,4210
42051,0.47,0.23,0.51,0.13,4270
42053,0.08,0.04,0.06,0,4210
42055,3.44,1.25,2.44,1.02,4280
42057,0.13,0.07,0.13,0.04,4280
42059,0.19,0.08,0.21,0.04,4270
42061,0.93,0.48,0.29,0.18,4250
42063,0.52,0.21,2.71,1.61,4240
42065,0.26,0.12,0.22,0.03,4240
42067,0.32,0.08,0.33,0.17,4250
42069,1.01,0.49,0.25,0.12,4230
42071,7.2,2.71,6.6,2.58,4290
42073,0.7,0.34,0.67,0.12,4240
42075,1.93,0.79,1.34,0.54,4290
42077,1.65,0.82,1.58,0.94,4260
42079,1.2,0.57,0.45,0.19,4260
42081,0.76,0.3,1.93,0.56,4220
42083,0.27,0.13,0.25,0.04,4220
42085,0.93,0.45,1.02,0.18,4210
42087,0.24,0.08,0.27,0.09,4250
42089,1.17,0.5,0.54,0.3,4260
42091,4.87,2.65,2.09,1.59,4290
42093,0.25,0.1,0.21,0.05,4250
42095,1.1,0.49,0.72,0.38,4260
42097,1.7,0.54,1.33,0.52,4250
42099,0.31,0.1,0.12,0.05,4250
42101,0.65,0.37,0.07,0.04,4290
42103,0.39,0.18,0.08,0.05,4260
42105,0.06,0.04,0.06,0,4220
42107,2.19,0.74,1.95,0.73,4260
42109,0.97,0.36,1.41,0.47,4250
42111,0.65,0.33,0.67,0.22,4270
42113,0.07,0.04,0.09,0.03,4220
42115,0.33,0.15,0.35,0.09,4230
42117,0.37,0.15,0.31,0.1,4220
42119,0.19,0.07,0.24,0.15,4250
42121,0.27,0.11,0.28,0.11,4210
42123,0.34,0.16,0.38,0.11,4210
42125,1.88,0.81,1.53,0.64,4270
42127,0.42,0.19,0.14,0.1,4230
42129,2.89,1.37,2.84,0.73,4270
42131,0.33,0.14,0.32,0.08,4230
42133,2.06,0.9,2.4,0.74,4280
44001,0.2,0.11,0.19,0.1,4410
44003,0.56,0.45,0.45,0.33,4410
44005,0.95,0.47,0.88,0.48,4410
44007,1.33,0.77,1.42,0.8,4410
44009,3.5,2.45,3.25,0.98,4410
45001,0.04,0,2.26,0,4540
45003,2.72,4.89,4.48,3.19,4540
45005,6.62,7.1,2,9.15,4580
45007,1.39,0.04,5.68,0.36,4510
45009,7.68,4.49,2.26,2.86,4580
45011,4.78,3.26,2.06,0.87,4580
45013,8.54,4.57,5.77,10.33,4580
45015,0.49,0.05,1.27,2.66,4580
45017,15.29,11.15,2.87,5.65,4550
45019,1.86,1.06,2.35,2.49,4580
45021,0.2,0,2.2,0,4510
45023,0.2,0.08,1.72,0.11,4520
45025,1.51,1.6,3.45,2.09,4530
45027,11.06,3.26,6.57,1.82,4550
45029,2.96,6.17,1.54,6.55,4580
45031,7.86,3.16,5.21,1.63,4530
45033,1.42,0.89,3.37,0.11,4530
45035,2.56,0.23,1.75,0.25,4580
45037,6.76,5.25,2.31,6.18,4540
45039,0.05,0,0.57,0,4520
45041,2.29,0.9,5.1,1.11,4530
45043,2.71,2.25,2.67,3.93,4530
45045,3.64,0.87,4.49,1.6,4510
45047,0.79,0.01,2.17,0.13,4540
45049,6.9,5.93,2.39,5.19,4580
45051,12.14,3.24,10.56,10.9,4530
45053,1.31,0.88,1.73,1.62,4580
45055,1.44,0.29,1.65,0.35,4520
45057,0.12,0.09,1.74,0.14,4520
45059,0.27,0.04,3.53,0.23,4510
45061,7.59,3.68,4.09,1.01,4550
45063,11.89,7.86,3.27,11.04,4550
45065,0.28,0.23,2.31,0.18,4540
45067,1.22,0.77,2.96,0.38,4530
45069,2.87,1.64,0.56,0.95,4530
45071,0.98,0.64,2.51,0.92,4540
45073,0.81,0.42,2.39,0.76,4510
45075,31.5,19.87,12.78,14.6,4550
45077,0.66,0.3,1.99,1.06,4510
45079,1.48,0.72,2.6,1.3,4550
45081,4.53,5.76,2.84,3.96,4540
45083,1.32,0.45,5.65,1.16,4510
45085,9.51,11.14,4.33,5.03,4550
45087,0.12,0,1.42,0.03,4510
45089,0.93,0.58,4.17,0.09,4530
45091,1.9,0.41,3.96,1.14,4520
46003,0.02,0.02,0.26,0.06,4650
46005,15.79,8.39,4.93,3.47,4650
46007,9.04,8.6,6.26,25.14,4670
46009,7.89,6.8,6.32,5.14,4690
46011,11.18,6.65,11.57,5.77,4660
46013,3.06,2.77,1.54,2.65,4620
46015,1.41,2.38,0.71,1.29,4650
46017,2.92,8.37,1.7,11.49,4650
46019,3.8,4.54,6.97,16.06,4610
46021,5.68,5.19,2.58,15.27,4620
46023,8.74,6.93,4.65,13.35,4690
46025,6.06,2.46,4.5,5.39,4630
46027,23.51,8.85,11.94,3.41,4690
46029,5.54,3.97,5.34,8.44,4630
46031,0.28,0.27,0.15,0.47,4610
46033,1.3,1.59,12.01,8.53,4670
46035,0.91,0.51,2.42,0.77,4660
46037,1.28,0.57,0.94,1.72,4630
46039,1.17,0.59,2.41,2.01,4630
46041,0.27,0.23,0,0,4610
46043,1.76,1.55,1.92,3.32,4690
46045,0.83,0.34,1.17,2.13,4620
46047,0.7,1.57,2.03,5.74,4670
46049,0.16,0.11,0,0.14,4620
46051,5.9,3.36,4.26,9.13,4630
46053,0.98,0.73,0.87,1.87,4680
46055,0.14,0.14,6.34,5.58,4640
46057,8.12,4.29,0.44,0.79,4630
46059,1.5,0.36,0,0,4650
46061,1.13,0.38,1.15,0.88,4660
46063,0.13,0.71,0,0,4610
46065,11.27,17.2,3.39,38.98,4650
46067,3.22,2,1.6,0.5,4690
46069,0.26,0.1,0.05,0.25,4650
46071,0,0.47,0.31,0.95,4640
46073,1.56,1.72,1.26,0.48,4650
46075,0,0,0.12,0.35,4680
46077,2.24,1.96,1.13,1.28,4660
46079,0.77,0.69,4.04,6.45,4660
46081,1.24,1.1,1.8,0.89,4640
46083,1.66,1.12,1.24,1.04,4690
46085,1.51,2.1,1.78,4.48,4680
46087,0.06,0.05,0.04,0.03,4660
46089,2.14,2.1,0.27,0.2,4620
46091,0.36,0.07,2.26,5.57,4630
46093,1.18,2.93,2.47,6.4,4640
46095,0.67,0.75,0.89,3.52,4680
46097,0.2,0,0,0,4660
46099,1.77,1.45,2.16,1.73,4660
46101,1.49,0.48,1.04,1.1,4660
46103,1.64,2.76,4.78,11.63,4640
46105,0.06,0.14,0.62,0.43,4610
46107,1.18,2.05,1.07,4.65,4620
46109,4.15,1.96,3.11,3.69,4630
46111,0,0,0,0,4660
46113,NA,NA,0,0,4670
46115,25.66,15.38,12.98,16.91,4620
46117,0.06,0.06,0.13,0.24,4640
46119,12.46,11.75,2,26.91,4650
46121,7.89,12.8,10.68,38.32,4680
46123,1.6,2.3,2.31,7.52,4680
46125,20.71,15.6,4.28,1.64,4690
46127,12.79,6.14,9.43,5.13,4690
46129,1.81,0.7,1.5,6.08,4620
46135,19.95,9.53,9.7,5.04,4690
46137,0,0,0,0,4610
47001,0.06,0.02,0.16,0.86,4760
47003,0.48,0.17,0.33,0.23,4740
47005,0,0,0.02,0.02,4720
47007,0.83,0.3,0.89,0.83,4750
47009,0.67,0.31,0.53,0.52,4760
47011,0.13,0.05,0.22,0.13,4760
47013,0.1,0.03,0.12,0.09,4760
47015,0.07,0.03,0.12,0.08,4740
47017,1.99,0.7,0.66,0.48,4720
47019,0.02,0.01,0.09,0.07,4760
47021,0.38,0.22,0.48,0.52,4730
47023,0.54,0.21,0.07,0.14,4720
47025,0.02,0.01,0.04,0.03,4760
47027,0.02,0.01,0.05,0.04,4740
47029,0.8,0.29,0.54,0.39,4760
47031,2.66,0.97,2.26,1.67,4750
47033,4.2,1.5,3.3,2.36,4720
47035,0.34,0.57,1.34,0.73,4750
47037,1,3.31,3.22,2.94,4740
47039,0.05,0.01,0.35,0.25,4720
47041,0.95,0.35,1.08,0.77,4740
47043,0.31,0.34,0.41,0.43,4730
47045,16.53,5.9,10.56,7.54,4710
47047,5.41,1.96,2.25,1.62,4720
47049,0.02,0.01,0.04,0.02,4750
47051,1.9,0.68,1.7,1.21,4750
47053,5.04,1.8,2.15,1.54,4720
47055,2.36,0.89,1.26,0.9,4740
47057,0.44,0.15,0.44,0.31,4760
47059,0.55,1.45,0.53,0.65,4760
47061,0.52,0.19,0.67,0.48,4750
47063,0.52,0.19,0.52,0.37,4760
47065,0.57,1.88,0.72,1.29,4760
47067,0.02,0.01,0.02,0.01,4760
47069,1.05,0.38,0.24,0.17,4720
47071,2,0.77,1.04,0.77,4720
47073,0.19,0.07,0.19,0.15,4760
47075,14.18,5.06,5.19,3.7,4720
47077,0.08,0.03,0.21,0.15,4720
47079,4.51,1.6,2.17,1.49,4720
47081,0.36,0.13,0.07,0.08,4730
47083,0.04,0.01,0.04,0.03,4730
47085,0.34,0.12,0.05,0.04,4730
47087,0,0,0.08,0.06,4740
47089,0.48,0.17,0.3,0.22,4760
47091,0.11,0.06,0.17,0.07,4760
47093,0.3,0.17,1.03,0.43,4760
47095,15.44,5.52,5.49,3.92,4710
47097,13.17,4.7,4.93,3.52,4710
47099,0.8,0.28,0.53,0.38,4730
47101,0.07,0.03,0,0,4730
47103,3.97,1.42,3.13,2.23,4740
47105,0.12,0.04,0.21,0.15,4760
47107,0.2,0.07,0.26,0.19,4760
47109,0.67,0.24,0.67,0.48,4720
47111,0.15,0.05,0.08,0.06,4740
47113,7.89,2.82,1.71,1.27,4720
47115,0.06,0.02,0.08,0.06,4750
47117,0.04,0.02,0.55,0.48,4740
47119,0.62,0.23,0.39,0.29,4740
47121,0.09,0.03,0.17,0.12,4760
47123,0.11,0.04,0.04,0.02,4760
47125,0.72,0.25,0.88,0.7,4730
47127,0,0,0.02,0,4740
47129,0,0,0.01,0,4750
47131,6.05,2.16,0.9,0.7,4710
47133,0.07,0.02,0.16,0.11,4750
47135,0,0,0.09,0.06,4730
47137,0,0,0.08,0.06,4750
47139,0.09,0.03,0.15,0.11,4760
47141,0.17,0.06,0.19,0.2,4750
47143,0.81,0.29,0.44,0.32,4760
47145,0.11,0.08,0.04,0.03,4760
47147,2.47,0.89,2.9,1.66,4730
47149,0.75,0.25,1.62,1.41,4740
47151,0.04,0.02,0.04,0.03,4750
47153,0.02,0.01,0.02,0.01,4750
47155,0.1,0.26,0.26,0.35,4760
47157,4.62,2.46,2.51,3.28,4710
47159,0.22,0.08,0.22,0.16,4740
47161,0.16,0.06,0.27,0.19,4730
47163,0.21,0.13,0.13,0.51,4760
47165,0.38,0.44,0.87,1.21,4740
47167,5.65,2.02,2.58,1.84,4710
47169,0.09,0.03,0.12,0.09,4740
47171,0,0,0.5,0.2,4760
47173,0.02,0.01,0.04,0.03,4760
47175,0.04,0.02,0.24,0.17,4750
47177,5.39,1.93,6.81,4.86,4750
47179,0.86,0.3,1.06,0.95,4760
47181,0.21,0.08,0.17,0.12,4730
47183,3.27,1.21,1.13,0.42,4720
47185,0.08,0.03,0.06,0.04,4750
47187,0.82,1.53,0.88,1.53,4740
47189,0.4,0.59,0.26,0.48,4740
48001,0.99,0.61,0.4,0.36,4851
48003,16.32,13.05,27.68,20.85,4812
48005,0.22,0.1,0.47,1.02,4852
48007,0,0,0,0,4882
48009,0,0,1.6,1.79,4830
48011,5,4,4.58,3.92,4811
48013,23.29,19.59,23.01,24.55,4896
48015,2.85,4.42,1.18,3.56,4881
48017,80.01,49.06,106.83,54.97,4812
48019,0.44,0.53,0.51,0.79,4870
48021,1.93,3.39,3.96,6.3,4881
48023,2.92,2.57,3.74,3.15,4822
48025,6.68,1.75,7,3.95,4881
48027,1.76,1.64,1.98,2.55,4840
48029,6.65,8.1,7.68,12.39,4881
48031,1.12,1.2,0.24,0.34,4870
48033,2.06,1.69,1.68,1.44,4821
48035,1.37,2,1.67,2.94,4840
48037,6.7,5.75,6.99,7.04,4851
48039,12.7,47.11,20.71,69.53,4890
48041,14.09,16.33,14.59,31.73,4852
48043,0.85,1.76,0.84,2.61,4860
48045,23.75,14.78,28.38,25.8,4811
48047,0.54,0.21,0.5,0.72,4896
48049,5.67,6.77,4.25,7.95,4830
48051,15.06,11.3,20.8,24.19,4881
48053,1.11,0.47,1.24,2.23,4870
48055,0.42,0.41,0.46,0.67,4881
48057,2.07,3,2.58,9.34,4890
48059,0.26,0.25,0.5,0.58,4830
48061,111.94,167.17,131.12,227.65,4897
48063,0,0,0,0,4851
48065,80.01,70.47,60.36,54.24,4811
48067,0,0,0,0,4851
48069,232.34,219.89,285.19,314.46,4811
48071,19.24,76.57,11.45,53.83,4890
48073,0.55,0.44,0.24,0.42,4851
48075,13.35,10.3,11.99,8.74,4821
48077,1.44,1.05,1.01,1.24,4830
48079,104.53,66.54,95.27,59.35,4812
48081,0.42,0.38,0.51,0.78,4870
48083,0.25,0.27,0.3,0.42,4822
48085,2.37,3.01,0.55,0.65,4840
48087,37.89,33.64,36.35,43.45,4821
48089,27.47,61.56,32.3,133.95,4881
48091,0.41,0.47,0.36,0.41,4881
48093,20.88,18.91,19.63,22.5,4830
48095,5.21,4.01,6.2,6.4,4870
48097,0.54,0.57,0.22,0.29,4840
48099,0.28,0.32,0.24,0.37,4840
48101,3.83,3.5,1.99,1.32,4821
48103,0,0,0,0,4860
48105,0.01,0.01,0.07,0.13,4870
48107,108.6,33.74,122.36,70.48,4812
48109,15.36,40.78,9.92,37.72,4860
48111,248.38,259.52,243.67,324.82,4811
48113,4.3,6.47,3.99,8.38,4840
48115,76.5,48.14,75.12,71.04,4812
48117,160.47,97.57,162.23,159.42,4811
48119,4.06,4.26,0.2,0.3,4840
48121,1.81,2,1.4,1.86,4840
48123,0.63,0.19,0.78,0.41,4881
48125,8.17,7.06,7.89,7.77,4821
48127,2.86,3.17,5.76,6.44,4896
48129,24.36,22.94,22.21,22.8,4821
48131,1.71,1.41,1.46,1.47,4896
48133,3.43,2.91,4.04,4.06,4830
48135,0.26,0.65,0.3,0.94,4860
48137,0.12,0.11,0.12,0.15,4870
48139,0.46,0.74,0.16,0.24,4840
48141,44.28,128.52,44.45,151.3,4860
48143,6.34,5.48,4.44,4.85,4830
48145,4.83,5.18,4.88,6.12,4840
48147,5.22,10.46,4.18,8.83,4840
48149,1.12,0.42,0.65,0.29,4881
48151,3.37,3.19,3.87,3.96,4822
48153,140.17,73.4,152.84,91.52,4811
48155,2.12,1.76,2.37,2.05,4821
48157,10.04,22,6.25,24.05,4890
48159,0,0.07,0,0,4851
48161,0.29,0.28,0.18,0.26,4852
48163,58.23,51.61,54.45,52.67,4896
48165,348.05,278.64,297.36,285.69,4812
48167,1.21,2.82,0.5,2.05,4890
48169,10.69,8.02,9.78,6.57,4821
48171,2.76,2.29,2.05,1.31,4870
48173,22.97,22.56,27.3,51.03,4812
48175,3.22,2.73,2.73,1.73,4881
48177,2.8,2.83,2.78,4.28,4881
48179,29.99,25.12,22.51,20.28,4811
48181,2.18,2.03,1.7,2.2,4840
48183,0.03,0.02,0.04,0.03,4851
48185,0.33,0.18,0.25,0.25,4852
48187,0.61,0.7,0.29,0.53,4881
48189,259.71,182.49,327.72,197.54,4811
48191,25.94,24.56,23.33,30.46,4821
48193,0.37,0.35,0.48,0.59,4840
48195,177.29,130.56,139.91,114.83,4811
48197,11.95,10.99,7.22,5.09,4821
48199,0.61,0.12,0.61,1.46,4852
48201,7.75,8.18,1.5,2.58,4890
48203,0.41,0.36,0.62,0.68,4851
48205,258.49,295.6,227.87,304.03,4811
48207,38.99,35.07,43.29,32.1,4822
48209,0.41,0.4,0.44,0.6,4881
48211,3.28,2.75,5.45,4.06,4811
48213,1.98,0.94,0.2,0.25,4851
48215,133.76,223.2,199.01,361.56,4897
48217,0.56,1.31,0.45,0.67,4840
48219,150.79,102.01,155.01,89.24,4812
48221,3.41,6.43,3.9,7.3,4830
48223,1.61,2.42,6.04,7.02,4851
48225,1.71,1.12,1.69,1.54,4851
48227,2.94,3.3,2.99,6,4812
48229,22.31,81.69,33.67,118.67,4860
48231,0.28,0.18,0.3,0.3,4840
48233,43.71,45.94,35.69,36.05,4811
48235,0.46,0.57,0.86,1.24,4870
48237,0.07,0.08,0.03,0.03,4830
48239,29.48,35.29,13.45,39.06,4890
48241,0,0.11,0,0,4852
48243,0.23,0.67,0.1,0.51,4860
48245,22.88,58.5,17.25,76.89,4890
48247,0.24,0.07,0.2,0.22,4896
48249,1.88,1.37,1.39,1.41,4896
48251,0.42,0.47,0.35,0.36,4840
48253,2.23,2.26,1.35,1.68,4822
48255,0.8,0.72,1.05,0.71,4881
48257,0.3,0.31,0.08,0.14,4840
48259,0.36,0.3,0.6,0.61,4870
48261,0,0,0,0,4896
48263,0.62,0.56,0.78,0.8,4821
48265,2.49,0.93,0.5,0.91,4870
48267,1.69,2.17,1.77,2.66,4870
48269,0,0,0,0,4821
48271,2.76,2.83,1.19,1.12,4870
48273,0.33,0.05,0.37,0.51,4882
48275,29.65,25.86,37.48,26.02,4822
48277,6.73,5.96,6.57,10.34,4840
48279,220.94,151.31,250.5,163.64,4812
48281,0.31,0.34,0.32,0.49,4870
48283,2.24,1.65,4.18,3.78,4896
48285,3.5,4.93,3.45,5.33,4881
48287,0.42,0.46,1.05,1.41,4881
48289,0.16,0.11,0.03,0.03,4852
48291,6.39,12.64,8.19,38.57,4890
48293,0.01,0.01,0,0,4840
48295,27.89,31.35,28.63,28.2,4811
48297,1.36,0.86,1.34,0.62,4896
48299,0.45,0.54,0.43,0.3,4870
48301,0,0,0,0,4860
48303,161.23,150.08,175,102.69,4812
48305,99.95,58.55,94.38,52.9,4812
48307,1.2,1.98,1.56,2.29,4870
48309,3.78,4.37,4.13,3.67,4840
48311,0,0,0,0,4896
48313,0.13,0.09,0.01,0.01,4852
48315,0.01,0.01,0,0,4851
48317,21.37,31.68,17.7,32.28,4812
48319,2.84,4.43,2.23,3.5,4870
48321,19.98,38.61,42.17,143.84,4890
48323,16,29.72,19.96,46.61,4896
48325,32.82,33.87,40.13,43.8,4881
48327,1.92,3.74,1.24,1.85,4870
48329,6.46,0.64,14.46,23.78,4812
48331,4.84,4.7,2.97,3.12,4840
48333,2.2,5.3,2.2,3.78,4830
48335,8.4,11.82,5.05,8.94,4822
48337,0.32,0.28,0.51,0.62,4830
48339,1.52,2.48,0.5,0.94,4852
48341,159.38,133.98,144.48,145.16,4811
48343,0.01,0.01,0,0,4851
48345,8.58,7.81,8.21,5.42,4821
48347,0.17,0.09,0.3,0.28,4851
48349,0,0.03,0,0,4840
48351,0.1,0.04,0.15,0.12,4852
48353,9.88,9.69,7.65,7.25,4822
48355,0.74,0.31,1.65,1.34,4882
48357,66.41,67.23,59.85,54,4811
48359,4.57,3.01,4.23,3.74,4811
48361,0.7,1.7,0,0,4890
48363,0.57,1.02,2.5,4.73,4830
48365,2.56,1,0.4,0.35,4851
48367,0.6,0.95,0.14,0.18,4830
48369,179.01,129.91,223.97,229.09,4811
48371,27.89,138.24,27,112.52,4860
48373,0.26,0.19,0.35,0.53,4852
48375,1.32,0.47,3.35,2.4,4811
48377,0.93,2.68,1.41,3.85,4860
48379,0.04,0.03,0.06,0.06,4851
48381,14.51,5.4,19.4,16.44,4811
48383,10.93,17.98,11.01,17.31,4870
48385,0.32,0.18,0.15,0.21,4870
48387,3.77,3.65,3.59,4.14,4851
48389,15.86,43.97,17.69,52.11,4860
48391,1.07,0.44,0.72,0.5,4882
48393,6.44,6.31,5.88,6.57,4811
48395,26.83,41.2,35.18,71.07,4852
48397,0.08,0.15,0,0,4840
48399,4.07,4.03,2.28,2.73,4822
48401,0.65,0.12,0,0,4851
48403,0,0,0,0,4852
48405,0,0,0,0,4852
48407,0.09,0.06,0.1,0.13,4852
48409,12.54,5.68,13.61,6.41,4882
48411,3.62,6.26,2.96,5.08,4870
48413,1.45,1.56,0.76,1.29,4870
48415,5.42,5.56,4.25,5.44,4822
48417,0.21,0.14,0.15,0.07,4830
48419,0.01,0.01,0,0,4851
48421,241.5,220.44,198.35,211.25,4811
48423,0.47,0.61,0.67,0.73,4851
48425,0.13,0.1,0.15,0.2,4830
48427,7.1,4.07,8.46,13.39,4897
48429,0.13,0.12,0.1,0.12,4830
48431,0.59,0.82,0.41,0.61,4870
48433,0.06,0.06,0.08,0.09,4822
48435,0.48,0.91,0.77,1.02,4870
48437,92.82,64.13,137.34,101.3,4811
48439,4.21,3.83,2.38,4.01,4840
48441,1.32,1.04,1.17,0.68,4822
48443,0.3,0.75,0.45,0.88,4860
48445,172.69,79.94,167.14,122.5,4812
48447,0,0.04,0,0,4830
48449,1,1.11,0.95,0.85,4851
48451,41.55,45.09,43.33,47.68,4870
48453,2.66,3.56,1.8,3.33,4881
48455,0.27,0.41,0,0,4852
48457,0.28,0.26,0.32,0.35,4852
48459,0.14,0.16,0.1,0.1,4851
48461,3.9,5.79,5.74,8.67,4870
48463,37.76,32.68,48.01,46.91,4870
48465,1.12,2.5,1.24,2.2,4870
48467,0.41,0.47,0.45,0.56,4851
48469,4.05,7.09,3.03,7.54,4890
48471,0.29,0.21,0.4,0.51,4852
48473,5.59,8.05,7.68,19.68,4852
48475,1.55,2.98,1.63,4.5,4860
48477,0.2,0.15,0.2,0.27,4881
48479,1,1.76,2.44,5.45,4896
48481,96.54,125.99,91.64,208.9,4890
48483,14.93,13.57,12.2,12.42,4821
48485,4.85,11.38,18.41,43.6,4821
48487,18.37,17.73,19.31,23.11,4821
48489,19.87,34.17,24.35,40.17,4897
48491,0.25,0.24,0.29,0.36,4840
48493,9.6,9.35,9.14,13.24,4881
48495,0.61,1.45,1,2.32,4860
48497,2.28,1.27,1.05,1.42,4830
48499,0.39,0.28,0.35,0.5,4851
48501,112.39,83.67,153.56,178.05,4812
48503,0.36,0.55,0,0,4830
48505,0.9,0.92,2.25,3.57,4896
48507,23.77,30.01,28.95,35.48,4896
49001,32.67,84.78,32.25,77.8,4970
49003,145.98,410.36,152.85,380.56,4910
49005,103.99,123.01,106.22,237.06,4910
49007,11.62,37.66,12.36,31.63,4960
49009,11.79,19.45,10.81,18.06,4960
49011,17.1,44.53,19.63,40.27,4910
49013,114.22,307.07,123.93,321.09,4960
49015,54.55,127.06,54.5,101.34,4960
49017,30.32,53.74,33.39,60.01,4970
49019,7.54,19.01,5.67,12.36,4960
49021,58.73,161.97,59.93,195.53,4970
49023,24.83,61.13,28.24,50.6,4950
49025,6.56,13.12,7.28,14.36,4970
49027,102.16,297.96,99.69,263.63,4950
49029,8.98,34.97,9.95,33.93,4910
49031,19.76,37.06,19.76,44.32,4970
49033,66.31,117.24,67.97,141.86,4910
49035,9.04,28.77,10.68,47.58,4910
49037,7.46,14.29,8.18,20.77,4960
49039,96.35,197,97.71,168.21,4950
49041,52.62,66.79,52.77,133.47,4950
49043,34.21,46.01,31.93,55.15,4960
49045,26.7,83.2,27.43,58.33,4910
49047,79.12,194.24,81.04,227.42,4960
49049,85.56,236.59,92.12,241.6,4950
49051,18.12,33.47,16.63,44.09,4960
49053,14.82,48.91,14.35,77.63,4970
49055,19.69,46.85,20.32,47.55,4970
49057,37.81,79.08,38.27,73.33,4910
50001,0.43,0.19,0.36,0.16,5010
50003,0.71,0.38,0.38,0.19,5010
50005,0.2,0.08,0.09,0.08,5010
50007,1.13,0.45,0.65,0.37,5010
50009,0,0,0,0,5010
50011,0.76,0.26,0.32,0.2,5010
50013,0.22,0.1,0.11,0.08,5010
50015,0.3,0.13,0.17,0.08,5010
50017,0.32,0.11,0.21,0.13,5010
50019,0.45,0.17,0.19,0.16,5010
50021,0.63,0.4,0.48,0.23,5010
50023,0.43,0.18,0.28,0.16,5010
50025,0.71,0.4,0.41,0.24,5010
50027,0.51,0.26,0.33,0.37,5010
51001,5.59,10.7,6.67,10.23,5160
51003,2.21,0.93,1.79,0.7,5150
51005,0.23,0.11,0.21,0.11,5140
51007,0.43,0.14,0.63,0.19,5150
51009,0.33,0.09,0.49,0.2,5150
51011,0.27,0.11,0.22,0.09,5150
51013,0.49,0.13,0.47,0.25,5120
51015,3.38,1.18,3.92,1.17,5140
51017,0.35,0.17,0.33,0.16,5140
51019,0.97,0.18,1.45,0.63,5150
51021,0.11,0.06,0.11,0.05,5170
51023,0.32,0.05,0.3,0.16,5140
51025,1.44,0.46,1.48,0.47,5190
51027,0,0,0,0,5170
51029,0.02,0,0.04,0.01,5150
51031,0.45,0.16,0.96,0.3,5150
51033,2.45,1.74,2.59,3.35,5150
51035,1.47,0.48,0.98,0.37,5170
51036,1.44,1.08,0.74,0.25,5160
51037,0.81,0.24,0.79,0.23,5180
51041,1.53,0.75,1.7,0.85,5150
51043,0.3,0.13,0.58,0.19,5120
51045,0.01,0,0.01,0,5140
51047,0.86,0.3,1.49,0.5,5120
51049,0.02,0,0,0,5150
51051,0.05,0.03,0.06,0.02,5170
51053,1.27,0.36,1.99,0.54,5190
51057,2.48,0.64,0.45,0.93,5160
51059,2.88,1.07,2.77,1.46,5120
51061,0.61,0.28,1.13,0.5,5120
51063,0.3,0.07,0.22,0.11,5170
51065,0.36,0.13,0.49,0.2,5150
51067,1.22,0.55,1.28,0.44,5180
51069,0.53,0.18,0.64,0.27,5120
51071,0.19,0.09,0.18,0.26,5170
51073,0.1,0.04,0.12,0.04,5160
51075,0.63,0.28,0.62,0.32,5150
51077,0.15,0.08,0.1,0.05,5170
51079,0.16,0.04,0.25,0.09,5150
51081,0.36,0.15,0.1,0.05,5190
51083,2.38,0.78,1.75,0.59,5180
51085,3.61,1.61,3.43,2.69,5150
51087,1.09,0.94,0.79,0.4,5150
51089,0.68,0.11,1.06,0.44,5180
51091,0.05,0.03,0.06,0.02,5140
51093,0.81,0.56,0.82,0.58,5190
51095,1.51,0.22,1.54,0.76,5160
51097,0.99,0.88,0.36,1.09,5160
51099,0.51,0.16,0.81,0.57,5160
51101,1.29,1.34,2.86,2.08,5160
51103,0.43,0.13,0.44,0.23,5160
51105,0.17,0.08,0.4,0.15,5170
51107,2.27,0.95,5.22,1.74,5120
51109,0.5,0.18,0.5,0.16,5150
51111,0.55,0.18,0.89,0.27,5180
51113,0.11,0.04,0.12,0.03,5120
51115,0.02,0,0.05,0.02,5160
51117,3.09,0.95,3.58,1.21,5190
51119,0.59,0.52,0.59,0.18,5160
51121,0.68,0.38,0.78,0.44,5170
51125,1.24,0.51,1.16,1.29,5150
51127,1.03,0.23,1.07,0.57,5160
51131,6.55,2.34,9.54,2.31,5160
51133,0.2,0.06,0.22,0.12,5160
51135,0.19,0.08,0.58,0.17,5180
51137,1.16,0.31,1.22,0.5,5150
51139,1.11,0.32,0.41,0.14,5120
51141,0.32,0.13,0.65,0.24,5180
51143,4.05,1.25,4.53,1.39,5180
51145,0.32,0.14,0.26,0.13,5150
51147,0.32,0.15,0.36,0.14,5150
51149,0.38,0.41,0.52,0.67,5190
51153,3.08,1.03,2.68,1.49,5120
51155,0.34,0.1,0.59,0.24,5170
51157,0.13,0.07,0.13,0.07,5120
51159,0.22,0.11,0,0,5160
51161,0.64,0.69,0.64,0.31,5140
51163,0.36,0.08,0.33,0.14,5140
51165,6.36,1.82,5.32,2.01,5120
51167,0.06,0.03,0.19,0.07,5170
51169,0.11,0.04,0.3,0.06,5170
51171,0.99,0.46,1,0.36,5120
51173,0.24,0.05,0.42,0.18,5170
51175,3.25,0.82,3.51,0.88,5190
51177,0.17,0.22,0.25,0.09,5150
51179,0.29,0.11,0.5,0.18,5120
51181,1.24,0.3,1.03,0.24,5190
51183,1.37,0.33,1.64,0.7,5190
51185,0.29,0.09,0.6,0.24,5170
51187,0.67,0.14,0.7,0.35,5120
51191,0.87,0.5,1.02,0.46,5170
51193,1.69,1.71,1.7,0.85,5160
51195,0.17,0.08,0.27,0.11,5170
51197,0.18,0.08,0.31,0.11,5170
51199,0.13,0.07,0.09,0.09,5160
51510,0.05,0.01,0.05,0.02,5120
51515,NA,NA,0,0,5150
51520,0.11,0.06,0,0,5170
51530,0,0,0,0,5140
51540,0.05,0.03,0.04,0.02,5150
51550,0.71,0.28,0.67,0.88,5190
51570,0,0,0,0,5150
51580,0,0,0,0,5140
51590,0.33,0.17,0.31,0.17,5180
51595,0,0,0,0.02,5190
51600,0,0,0,0.11,5120
51610,0,0,0,0,5120
51620,0,0,0,0,5190
51630,0.33,0.02,0.33,0.16,5150
51640,0.16,0.08,0.14,0.08,5170
51650,0.49,0.04,0.46,0.25,5160
51660,0.11,0.07,0.1,0.08,5120
51670,0,0,0,0,5190
51678,0,0,0,0,5140
51680,0.05,0.03,0.05,0.02,5150
51683,0,0,0,0,5120
51685,0.11,0.05,0,0,5120
51690,0.11,0.06,0,0,5180
51700,0.6,0.18,0.62,0.31,5160
51710,0.27,0.06,0.26,0.14,5190
51720,0,0,0,0,5170
51730,0.11,0.06,0.11,0.09,5190
51735,0,0,0,0,5160
51740,0.27,0.11,0.26,0.14,5190
51750,0,0,0,0,5170
51760,0.54,0.28,0.54,0.28,5150
51770,0.43,0.23,0.42,0.23,5140
51775,0.05,0.03,0.05,0.11,5140
51790,0.22,0.11,0.2,0.15,5140
51800,0.95,0.54,1.17,0.43,5190
51810,2.3,0.91,2.28,1.2,5190
51820,0.16,0.05,0.11,0.08,5140
51830,0.27,0.15,0.26,0.13,5160
51840,0,0,0,0,5120
53001,129.23,155.35,123.83,207.78,5350
53003,0.61,0.39,0.34,0.24,5390
53005,170.9,247.32,166.23,287.86,5320
53007,16.96,26.42,21.36,38.53,5320
53009,4.26,6.47,3.43,5.8,5310
53011,4.17,5.73,4.45,6.81,5310
53013,4.03,4.51,4.43,5.96,5390
53015,2.63,3.17,2.81,3.29,5310
53017,18.15,20.93,18.86,24.41,5350
53019,2.35,2.41,2.47,2.66,5330
53021,194.86,361.96,203.53,454.24,5350
53023,0.8,0.55,0.36,0.3,5390
53025,415.81,832.42,439.32,1031.41,5350
53027,6.49,6.95,5.04,6.31,5310
53029,1.74,1.38,2.25,1.9,5310
53031,0.6,0.89,0.8,1.16,5310
53033,7.44,8.03,5.93,5.22,5310
53035,1.42,2.09,1.76,1.96,5310
53037,61.52,147.09,42.95,121.59,5320
53039,19.99,22.88,15.53,25.76,5320
53041,7.65,7.73,5.63,7.14,5310
53043,25.33,15.44,29.86,29.27,5350
53045,0.92,1.07,0.58,0.67,5310
53047,51.45,48.93,45.2,79.85,5320
53049,2.37,2.23,2.17,2.49,5310
53051,0.72,0.32,0.59,0.33,5330
53053,4.57,5.79,4.78,6.14,5310
53055,0.44,0.11,0.45,0.13,5310
53057,19.46,18.44,15.47,17.28,5310
53059,0.47,0.51,0.34,0.37,5310
53061,6.28,4.54,6.23,5.37,5310
53063,11.32,8.64,13.82,15.42,5330
53065,6.64,6.49,8.81,9.5,5330
53067,5.93,6.12,6.67,9.39,5310
53069,0.08,0.1,0.09,0.12,5310
53071,86.99,102.03,87.71,126.83,5390
53073,38,30.97,38.26,45.42,5310
53075,4.47,2.24,4.09,2.51,5390
53077,218.53,404.54,240.27,555.49,5320
54001,0.06,0.02,0.02,0,5420
54003,0.26,0.13,0.14,0.02,5460
54005,0.04,0.04,0.03,0,5440
54007,0.01,0,0,0,5440
54009,0.06,0.06,0.07,0,5420
54011,0.16,0.15,0.11,0,5440
54013,0.01,0,0,0,5440
54015,0,0,0,0,5440
54017,0,0,0.03,0,5420
54019,0.11,0.08,0.06,0,5440
54021,0.02,0.02,0.02,0,5440
54023,0.07,0,0.02,0,5460
54025,0.33,0.27,0.21,0,5460
54027,0.15,0,0,0,5460
54029,0.14,0.14,0.11,0,5420
54031,0.07,0.04,0.04,0,5460
54033,0.25,0.22,0.17,0,5420
54035,0.07,0.04,0.06,0,5440
54037,0.45,0.16,0.14,0.02,5460
54039,0.22,0.22,0.19,0,5440
54041,0.07,0.07,0.04,0,5420
54043,0.01,0,0,0,5440
54045,0.03,0.04,0.03,0,5440
54047,0.01,0.01,0.01,0,5440
54049,0.11,0.08,0.07,0,5420
54051,0.05,0.04,0.07,0,5420
54053,0.34,0.08,0.13,0.02,5440
54055,0.05,0.04,0.03,0,5440
54057,0.11,0.04,0.07,0.02,5460
54059,0.07,0.07,0.04,0,5440
54061,0.35,0.34,0.24,0,5420
54063,0.06,0.04,0.03,0,5460
54065,0.14,0.08,0.06,0,5460
54067,0.05,0.04,0.03,0,5440
54069,0.2,0.19,0.17,0,5420
54071,0.05,0.04,0.03,0,5460
54073,0.02,0.02,0.02,0,5420
54075,0.07,0.07,0.05,0,5460
54077,0.15,0.09,0.07,0,5420
54079,0.23,0.11,0.11,0.01,5440
54081,0.34,0.31,0.23,0,5440
54083,0.02,0.02,0.02,0,5460
54085,0.02,0.02,0.02,0,5420
54087,0.03,0.02,0.06,0,5440
54089,0.09,0.08,0.06,0,5460
54091,0.04,0.04,0.03,0,5420
54093,0.07,0.07,0.04,0,5460
54095,0.03,0.02,0.01,0,5420
54097,0.08,0.06,0.03,0,5420
54099,0.05,0.04,0.07,0,5440
54101,0,0,0.02,0,5440
54103,0,0,0,0,5420
54105,0.04,0.04,0.03,0,5440
54107,0.27,0.27,0.21,0,5420
54109,0.08,0.08,0.06,0,5440
55001,58.07,67,34.68,49.03,5550
55003,0.02,0.02,0.01,0.01,5520
55005,15.31,2.76,10.33,4.37,5510
55007,0.16,0.12,0.2,0.15,5510
55009,0.84,0.45,0.5,0.71,5560
55011,4.62,1.52,3.15,1.09,5540
55013,0.41,0.22,0.25,0.56,5510
55015,0.27,0.06,0.05,0.09,5560
55017,8.08,1.42,2.98,1.31,5510
55019,0.59,0.8,0.23,0.21,5520
55021,5.68,1.85,1.41,0.85,5580
55023,0.24,0.16,0.11,0.11,5570
55025,8.05,5.76,5.96,4.97,5580
55027,0.96,0.67,0.64,0.58,5580
55029,0.99,0.67,0.78,0.7,5560
55031,0.28,0.91,0.24,1.76,5510
55033,36.53,9,29.34,12.89,5540
55035,3.28,2.1,3.67,2.71,5540
55037,0.28,0.01,0.01,0.02,5530
55039,2.27,1.48,0.87,0.73,5560
55041,0.34,0.1,0.06,0.17,5530
55043,1.32,0.6,0.49,0.43,5570
55045,3.59,1.32,2.59,1.41,5580
55047,7.79,5.07,3.39,2.53,5550
55049,7.53,5.25,6.72,3.81,5570
55051,0.2,0.43,0.23,1.61,5520
55053,7.26,17.65,4.2,14.3,5540
55055,9.61,6.44,7.45,2.95,5580
55057,11.79,21.19,8.79,15.89,5550
55059,1.25,0.48,0.25,0.43,5590
55061,0.19,0.22,0.1,0.2,5560
55063,1.59,0.55,0.86,0.93,5540
55065,0.93,0.59,0.07,0.11,5570
55067,27.94,17.49,17.47,10.97,5530
55069,0.25,1.42,0.29,0.75,5520
55071,1.27,0.29,0.67,0.44,5560
55073,7.58,4.71,7.07,6.23,5520
55075,2.83,2.81,2.09,6.75,5530
55077,8.61,5.91,6.47,2.2,5550
55078,0,0,0,0,5530
55079,0.35,0.45,0.06,0.37,5590
55081,4.45,27.42,35.46,35.93,5540
55083,3.73,1.05,1.27,0.73,5530
55085,3.17,12.51,2.71,3.95,5520
55087,0.63,0.84,0.23,0.49,5560
55089,0.52,0.54,0.42,0.72,5590
55091,6.32,2.19,1.47,1.85,5540
55093,0.88,0.27,0.28,0.33,5540
55095,2.31,0.31,0.98,0.51,5510
55097,94.68,59.66,91.7,56.1,5550
55099,0.79,3,0.82,4.91,5520
55101,1.89,1.59,3.53,2.43,5590
55103,3.33,0.96,1.52,1.06,5570
55105,23.26,7.39,15.56,5.81,5580
55107,0.84,0.47,0.42,0.56,5510
55109,14.9,3.35,4.8,3.97,5540
55111,19.97,6.44,15.58,5.15,5570
55113,1.13,2.51,0.58,2.24,5510
55115,1.02,0.24,0.32,1.9,5530
55117,0.51,0.53,0.14,0.56,5560
55119,0.1,0.07,0.05,0.06,5520
55121,8.51,3.77,5.79,3,5540
55123,0.52,0.32,0.16,0.14,5570
55125,1.08,3.38,1.04,5.09,5520
55127,5.38,3.84,2.52,2.36,5590
55129,3.03,2.61,1.11,2.27,5510
55131,0.8,0.6,0.53,0.79,5590
55133,2.01,2,1.39,2.06,5590
55135,9.61,4.75,8.56,3.48,5550
55137,62.16,47.87,35.56,35.19,5550
55139,0.69,0.78,0.3,0.73,5560
55141,6.26,68.52,6.87,39.1,5550
56001,94.45,529.05,51.61,181.44,5640
56003,108.7,586.95,81.49,382.37,5610
56005,1.81,10.77,9.97,43.43,5620
56007,165.48,896.48,87.96,370.02,5640
56009,31.92,171.67,25.7,137.67,5650
56011,7.75,29.54,10.33,43.84,5620
56013,157.08,972.32,122.11,501.2,5610
56015,109.18,666.98,98.03,391.47,5650
56017,12.61,62.39,18.99,76.86,5610
56019,39.95,225.09,25.31,114.46,5620
56021,59.27,170.93,54.87,217.54,5650
56023,72.71,480.69,62.82,189.74,5630
56025,28.92,127.53,28.43,155.79,5640
56027,14.57,42.72,14.27,67.59,5650
56029,110.28,610.95,81.11,293.67,5610
56031,72.23,376.15,75.26,327.8,5650
56033,49.77,290.24,41.86,192.1,5620
56035,143.13,651.02,61.45,161.68,5630
56037,28.43,112.67,22.26,101.88,5640
56039,14.68,102.6,10.76,24.73,5630
56041,70.14,382.99,53.67,212.23,5630
56043,38.43,265.39,38.32,156.96,5610
56045,4.23,22.76,5.15,24.87,5620
