"location","vicid","state_fips","fips","state","county","vic_km2"
"32.46875_-109.90625",110674,4,4009,"AZ","Graham County",40.72503
"32.46875_-109.96875",110673,4,4009,"AZ","Graham County",40.72503
"35.15625_-118.84375",150435,6,6029,"CA","Kern County",39.46226
"35.21875_-82.34375",151947,37,37149,"NC","Polk County",39.43185
"35.21875_-82.46875",151945,37,37089,"NC","Henderson County",39.43185
"35.28125_-82.34375",152875,37,37089,"NC","Henderson County",39.40139
"35.28125_-82.40625",152874,37,37089,"NC","Henderson County",39.40139
"35.28125_-82.46875",152873,37,37089,"NC","Henderson County",39.40139
"35.34375_-119.21875",153213,6,6029,"CA","Kern County",39.37089
"35.34375_-119.28125",153212,6,6029,"CA","Kern County",39.37089
"35.34375_-119.40625",153210,6,6029,"CA","Kern County",39.37089
"35.34375_-82.15625",153806,37,37149,"NC","Polk County",39.37089
"35.34375_-82.28125",153804,37,37149,"NC","Polk County",39.37089
"35.34375_-82.34375",153803,37,37089,"NC","Henderson County",39.37089
"35.34375_-82.40625",153802,37,37089,"NC","Henderson County",39.37089
"35.34375_-82.46875",153801,37,37089,"NC","Henderson County",39.37089
"35.40625_-119.40625",154138,6,6029,"CA","Kern County",39.34034
"35.40625_-82.28125",154732,37,37089,"NC","Henderson County",39.34034
"35.40625_-82.34375",154731,37,37089,"NC","Henderson County",39.34034
"35.40625_-82.40625",154730,37,37089,"NC","Henderson County",39.34034
"35.40625_-82.46875",154729,37,37089,"NC","Henderson County",39.34034
"35.46875_-82.34375",155659,37,37089,"NC","Henderson County",39.30974
"35.46875_-82.40625",155658,37,37089,"NC","Henderson County",39.30974
"35.46875_-82.46875",155657,37,37021,"NC","Buncombe County",39.30974
"35.53125_-119.28125",155996,6,6029,"CA","Kern County",39.27909
"35.53125_-82.09375",156591,37,37161,"NC","Rutherford County",39.27909
"35.53125_-82.40625",156586,37,37021,"NC","Buncombe County",39.27909
"35.59375_-119.15625",156926,6,6029,"CA","Kern County",39.2484
"35.59375_-119.21875",156925,6,6029,"CA","Kern County",39.2484
"35.59375_-119.28125",156924,6,6029,"CA","Kern County",39.2484
"35.59375_-119.34375",156923,6,6029,"CA","Kern County",39.2484
"35.65625_-119.15625",157854,6,6029,"CA","Kern County",39.21766
"35.65625_-119.21875",157853,6,6029,"CA","Kern County",39.21766
"35.65625_-119.28125",157852,6,6029,"CA","Kern County",39.21766
"35.65625_-119.34375",157851,6,6029,"CA","Kern County",39.21766
"35.65625_-120.84375",157827,6,6079,"CA","San Luis Obispo County",39.21766
"35.71875_-119.21875",158781,6,6029,"CA","Kern County",39.18688
"35.71875_-119.34375",158779,6,6029,"CA","Kern County",39.18688
"35.84375_-119.09375",160639,6,6107,"CA","Tulare County",39.12517
"35.84375_-119.15625",160638,6,6107,"CA","Tulare County",39.12517
"35.84375_-119.21875",160637,6,6107,"CA","Tulare County",39.12517
"35.90625_-119.15625",161566,6,6107,"CA","Tulare County",39.09424
"35.90625_-119.21875",161565,6,6107,"CA","Tulare County",39.09424
"35.90625_-119.28125",161564,6,6107,"CA","Tulare County",39.09424
"35.90625_-82.15625",162158,37,37199,"NC","Yancey County",39.09424
"35.96875_-119.09375",162495,6,6107,"CA","Tulare County",39.06327
"35.96875_-119.15625",162494,6,6107,"CA","Tulare County",39.06327
"35.96875_-119.21875",162493,6,6107,"CA","Tulare County",39.06327
"35.96875_-119.28125",162492,6,6107,"CA","Tulare County",39.06327
"36.03125_-119.09375",163423,6,6107,"CA","Tulare County",39.03225
"36.03125_-119.15625",163422,6,6107,"CA","Tulare County",39.03225
"36.03125_-119.21875",163421,6,6107,"CA","Tulare County",39.03225
"36.03125_-119.34375",163419,6,6107,"CA","Tulare County",39.03225
"36.03125_-81.21875",164029,37,37003,"NC","Alexander County",39.03225
"36.09375_-119.09375",164351,6,6107,"CA","Tulare County",39.00119
"36.09375_-119.15625",164350,6,6107,"CA","Tulare County",39.00119
"36.09375_-119.21875",164349,6,6107,"CA","Tulare County",39.00119
"36.09375_-119.34375",164347,6,6107,"CA","Tulare County",39.00119
"36.09375_-81.09375",164959,37,37193,"NC","Wilkes County",39.00119
"36.15625_-119.03125",165280,6,6107,"CA","Tulare County",38.97008
"36.15625_-119.09375",165279,6,6107,"CA","Tulare County",38.97008
"36.15625_-119.15625",165278,6,6107,"CA","Tulare County",38.97008
"36.15625_-119.21875",165277,6,6107,"CA","Tulare County",38.97008
"36.15625_-119.28125",165276,6,6107,"CA","Tulare County",38.97008
"36.15625_-119.34375",165275,6,6107,"CA","Tulare County",38.97008
"36.15625_-119.40625",165274,6,6107,"CA","Tulare County",38.97008
"36.21875_-119.09375",166207,6,6107,"CA","Tulare County",38.93892
"36.21875_-119.15625",166206,6,6107,"CA","Tulare County",38.93892
"36.21875_-119.21875",166205,6,6107,"CA","Tulare County",38.93892
"36.21875_-119.28125",166204,6,6107,"CA","Tulare County",38.93892
"36.21875_-119.34375",166203,6,6107,"CA","Tulare County",38.93892
"36.21875_-119.40625",166202,6,6107,"CA","Tulare County",38.93892
"36.21875_-119.46875",166201,6,6107,"CA","Tulare County",38.93892
"36.21875_-119.53125",166200,6,6031,"CA","Kings County",38.93892
"36.21875_-119.59375",166199,6,6031,"CA","Kings County",38.93892
"36.21875_-119.71875",166197,6,6031,"CA","Kings County",38.93892
"36.21875_-119.78125",166196,6,6031,"CA","Kings County",38.93892
"36.21875_-119.84375",166195,6,6031,"CA","Kings County",38.93892
"36.28125_-119.09375",167135,6,6107,"CA","Tulare County",38.90772
"36.28125_-119.15625",167134,6,6107,"CA","Tulare County",38.90772
"36.28125_-119.21875",167133,6,6107,"CA","Tulare County",38.90772
"36.28125_-119.28125",167132,6,6107,"CA","Tulare County",38.90772
"36.28125_-119.34375",167131,6,6107,"CA","Tulare County",38.90772
"36.28125_-119.40625",167130,6,6107,"CA","Tulare County",38.90772
"36.28125_-119.46875",167129,6,6107,"CA","Tulare County",38.90772
"36.28125_-119.53125",167128,6,6031,"CA","Kings County",38.90772
"36.28125_-119.59375",167127,6,6031,"CA","Kings County",38.90772
"36.28125_-119.65625",167126,6,6031,"CA","Kings County",38.90772
"36.28125_-119.71875",167125,6,6031,"CA","Kings County",38.90772
"36.28125_-119.78125",167124,6,6031,"CA","Kings County",38.90772
"36.28125_-119.84375",167123,6,6031,"CA","Kings County",38.90772
"36.34375_-119.09375",168063,6,6107,"CA","Tulare County",38.87647
"36.34375_-119.15625",168062,6,6107,"CA","Tulare County",38.87647
"36.34375_-119.21875",168061,6,6107,"CA","Tulare County",38.87647
"36.34375_-119.28125",168060,6,6107,"CA","Tulare County",38.87647
"36.34375_-119.34375",168059,6,6107,"CA","Tulare County",38.87647
"36.34375_-119.40625",168058,6,6107,"CA","Tulare County",38.87647
"36.34375_-119.46875",168057,6,6107,"CA","Tulare County",38.87647
"36.34375_-119.53125",168056,6,6031,"CA","Kings County",38.87647
"36.34375_-119.59375",168055,6,6031,"CA","Kings County",38.87647
"36.34375_-119.65625",168054,6,6031,"CA","Kings County",38.87647
"36.34375_-119.71875",168053,6,6031,"CA","Kings County",38.87647
"36.34375_-119.78125",168052,6,6031,"CA","Kings County",38.87647
"36.34375_-119.84375",168051,6,6031,"CA","Kings County",38.87647
"36.40625_-119.09375",168991,6,6107,"CA","Tulare County",38.84517
"36.40625_-119.15625",168990,6,6107,"CA","Tulare County",38.84517
"36.40625_-119.21875",168989,6,6107,"CA","Tulare County",38.84517
"36.40625_-119.28125",168988,6,6107,"CA","Tulare County",38.84517
"36.40625_-119.34375",168987,6,6107,"CA","Tulare County",38.84517
"36.40625_-119.40625",168986,6,6107,"CA","Tulare County",38.84517
"36.40625_-119.46875",168985,6,6107,"CA","Tulare County",38.84517
"36.40625_-119.53125",168984,6,6031,"CA","Kings County",38.84517
"36.40625_-119.59375",168983,6,6031,"CA","Kings County",38.84517
"36.40625_-119.65625",168982,6,6031,"CA","Kings County",38.84517
"36.40625_-119.71875",168981,6,6031,"CA","Kings County",38.84517
"36.40625_-119.78125",168980,6,6019,"CA","Fresno County",38.84517
"36.40625_-119.84375",168979,6,6019,"CA","Fresno County",38.84517
"36.40625_-119.90625",168978,6,6019,"CA","Fresno County",38.84517
"36.40625_-121.34375",168955,6,6053,"CA","Monterey County",38.84517
"36.40625_-121.40625",168954,6,6053,"CA","Monterey County",38.84517
"36.46875_-119.15625",169918,6,6107,"CA","Tulare County",38.81383
"36.46875_-119.21875",169917,6,6107,"CA","Tulare County",38.81383
"36.46875_-119.28125",169916,6,6107,"CA","Tulare County",38.81383
"36.46875_-119.34375",169915,6,6107,"CA","Tulare County",38.81383
"36.46875_-119.40625",169914,6,6107,"CA","Tulare County",38.81383
"36.46875_-119.46875",169913,6,6107,"CA","Tulare County",38.81383
"36.46875_-119.53125",169912,6,6107,"CA","Tulare County",38.81383
"36.46875_-119.59375",169911,6,6031,"CA","Kings County",38.81383
"36.46875_-119.65625",169910,6,6019,"CA","Fresno County",38.81383
"36.46875_-119.71875",169909,6,6019,"CA","Fresno County",38.81383
"36.46875_-119.78125",169908,6,6019,"CA","Fresno County",38.81383
"36.46875_-119.84375",169907,6,6019,"CA","Fresno County",38.81383
"36.46875_-119.90625",169906,6,6019,"CA","Fresno County",38.81383
"36.46875_-119.96875",169905,6,6019,"CA","Fresno County",38.81383
"36.46875_-120.40625",169898,6,6019,"CA","Fresno County",38.81383
"36.46875_-121.34375",169883,6,6053,"CA","Monterey County",38.81383
"36.46875_-121.40625",169882,6,6053,"CA","Monterey County",38.81383
"36.53125_-119.28125",170844,6,6107,"CA","Tulare County",38.78244
"36.53125_-119.34375",170843,6,6107,"CA","Tulare County",38.78244
"36.53125_-119.40625",170842,6,6107,"CA","Tulare County",38.78244
"36.53125_-119.46875",170841,6,6107,"CA","Tulare County",38.78244
"36.53125_-119.53125",170840,6,6019,"CA","Fresno County",38.78244
"36.53125_-119.59375",170839,6,6019,"CA","Fresno County",38.78244
"36.53125_-119.65625",170838,6,6019,"CA","Fresno County",38.78244
"36.53125_-119.71875",170837,6,6019,"CA","Fresno County",38.78244
"36.53125_-119.78125",170836,6,6019,"CA","Fresno County",38.78244
"36.53125_-119.84375",170835,6,6019,"CA","Fresno County",38.78244
"36.53125_-119.90625",170834,6,6019,"CA","Fresno County",38.78244
"36.53125_-119.96875",170833,6,6019,"CA","Fresno County",38.78244
"36.53125_-120.03125",170832,6,6019,"CA","Fresno County",38.78244
"36.53125_-121.40625",170810,6,6053,"CA","Monterey County",38.78244
"36.53125_-121.46875",170809,6,6053,"CA","Monterey County",38.78244
"36.53125_-121.53125",170808,6,6053,"CA","Monterey County",38.78244
"36.59375_-119.34375",171771,6,6019,"CA","Fresno County",38.75101
"36.59375_-119.40625",171770,6,6019,"CA","Fresno County",38.75101
"36.59375_-119.46875",171769,6,6019,"CA","Fresno County",38.75101
"36.59375_-119.53125",171768,6,6019,"CA","Fresno County",38.75101
"36.59375_-119.59375",171767,6,6019,"CA","Fresno County",38.75101
"36.59375_-119.65625",171766,6,6019,"CA","Fresno County",38.75101
"36.59375_-119.71875",171765,6,6019,"CA","Fresno County",38.75101
"36.59375_-119.84375",171763,6,6019,"CA","Fresno County",38.75101
"36.59375_-119.96875",171761,6,6019,"CA","Fresno County",38.75101
"36.59375_-120.09375",171759,6,6019,"CA","Fresno County",38.75101
"36.59375_-80.71875",172389,51,51035,"VA","Carroll County",38.75101
"36.65625_-119.40625",172698,6,6019,"CA","Fresno County",38.71953
"36.65625_-119.46875",172697,6,6019,"CA","Fresno County",38.71953
"36.65625_-119.53125",172696,6,6019,"CA","Fresno County",38.71953
"36.65625_-119.59375",172695,6,6019,"CA","Fresno County",38.71953
"36.65625_-119.65625",172694,6,6019,"CA","Fresno County",38.71953
"36.65625_-119.71875",172693,6,6019,"CA","Fresno County",38.71953
"36.65625_-119.78125",172692,6,6019,"CA","Fresno County",38.71953
"36.65625_-119.84375",172691,6,6019,"CA","Fresno County",38.71953
"36.65625_-119.96875",172689,6,6019,"CA","Fresno County",38.71953
"36.65625_-120.03125",172688,6,6019,"CA","Fresno County",38.71953
"36.65625_-120.09375",172687,6,6019,"CA","Fresno County",38.71953
"36.71875_-119.46875",173625,6,6019,"CA","Fresno County",38.688
"36.71875_-119.53125",173624,6,6019,"CA","Fresno County",38.688
"36.71875_-119.59375",173623,6,6019,"CA","Fresno County",38.688
"36.71875_-119.65625",173622,6,6019,"CA","Fresno County",38.688
"36.71875_-119.84375",173619,6,6019,"CA","Fresno County",38.688
"36.71875_-119.90625",173618,6,6019,"CA","Fresno County",38.688
"36.71875_-119.96875",173617,6,6019,"CA","Fresno County",38.688
"36.71875_-120.03125",173616,6,6019,"CA","Fresno County",38.688
"36.71875_-120.09375",173615,6,6019,"CA","Fresno County",38.688
"36.71875_-121.28125",173596,6,6069,"CA","San Benito County",38.688
"36.78125_-119.46875",174553,6,6019,"CA","Fresno County",38.65643
"36.78125_-119.53125",174552,6,6019,"CA","Fresno County",38.65643
"36.78125_-119.59375",174551,6,6019,"CA","Fresno County",38.65643
"36.78125_-119.65625",174550,6,6019,"CA","Fresno County",38.65643
"36.78125_-119.96875",174545,6,6019,"CA","Fresno County",38.65643
"36.78125_-120.03125",174544,6,6019,"CA","Fresno County",38.65643
"36.78125_-120.09375",174543,6,6019,"CA","Fresno County",38.65643
"36.78125_-120.15625",174542,6,6019,"CA","Fresno County",38.65643
"36.78125_-120.21875",174541,6,6039,"CA","Madera County",38.65643
"36.78125_-120.34375",174539,6,6019,"CA","Fresno County",38.65643
"36.84375_-119.71875",175477,6,6019,"CA","Fresno County",38.62481
"36.84375_-119.84375",175475,6,6019,"CA","Fresno County",38.62481
"36.84375_-119.90625",175474,6,6019,"CA","Fresno County",38.62481
"36.84375_-119.96875",175473,6,6039,"CA","Madera County",38.62481
"36.84375_-120.03125",175472,6,6039,"CA","Madera County",38.62481
"36.84375_-120.09375",175471,6,6039,"CA","Madera County",38.62481
"36.90625_-119.78125",176404,6,6039,"CA","Madera County",38.59315
"36.90625_-119.84375",176403,6,6039,"CA","Madera County",38.59315
"36.90625_-119.90625",176402,6,6039,"CA","Madera County",38.59315
"36.90625_-119.96875",176401,6,6039,"CA","Madera County",38.59315
"36.90625_-120.03125",176400,6,6039,"CA","Madera County",38.59315
"36.90625_-120.09375",176399,6,6039,"CA","Madera County",38.59315
"36.90625_-120.15625",176398,6,6039,"CA","Madera County",38.59315
"36.96875_-119.71875",177333,6,6019,"CA","Fresno County",38.56143
"36.96875_-120.09375",177327,6,6039,"CA","Madera County",38.56143
"36.96875_-120.15625",177326,6,6039,"CA","Madera County",38.56143
"36.96875_-120.21875",177325,6,6039,"CA","Madera County",38.56143
"36.96875_-121.40625",177306,6,6085,"CA","Santa Clara County",38.56143
"37.03125_-119.96875",178257,6,6039,"CA","Madera County",38.52968
"37.03125_-120.03125",178256,6,6039,"CA","Madera County",38.52968
"37.03125_-120.09375",178255,6,6039,"CA","Madera County",38.52968
"37.03125_-120.15625",178254,6,6039,"CA","Madera County",38.52968
"37.03125_-120.21875",178253,6,6039,"CA","Madera County",38.52968
"37.03125_-120.28125",178252,6,6039,"CA","Madera County",38.52968
"37.03125_-120.34375",178251,6,6039,"CA","Madera County",38.52968
"37.09375_-120.09375",179183,6,6039,"CA","Madera County",38.49788
"37.09375_-120.15625",179182,6,6039,"CA","Madera County",38.49788
"37.09375_-120.21875",179181,6,6039,"CA","Madera County",38.49788
"37.09375_-120.28125",179180,6,6039,"CA","Madera County",38.49788
"37.15625_-120.21875",180109,6,6039,"CA","Madera County",38.46603
"37.15625_-121.03125",180096,6,6047,"CA","Merced County",38.46603
"37.21875_-120.21875",181037,6,6047,"CA","Merced County",38.43413
"37.21875_-120.28125",181036,6,6047,"CA","Merced County",38.43413
"37.21875_-120.34375",181035,6,6047,"CA","Merced County",38.43413
"37.21875_-120.40625",181034,6,6047,"CA","Merced County",38.43413
"37.21875_-121.03125",181024,6,6047,"CA","Merced County",38.43413
"37.28125_-120.28125",181964,6,6047,"CA","Merced County",38.40219
"37.28125_-120.34375",181963,6,6047,"CA","Merced County",38.40219
"37.28125_-120.40625",181962,6,6047,"CA","Merced County",38.40219
"37.28125_-121.03125",181952,6,6047,"CA","Merced County",38.40219
"37.28125_-121.09375",181951,6,6099,"CA","Stanislaus County",38.40219
"37.34375_-120.40625",182890,6,6047,"CA","Merced County",38.37021
"37.34375_-120.96875",182881,6,6047,"CA","Merced County",38.37021
"37.34375_-121.03125",182880,6,6099,"CA","Stanislaus County",38.37021
"37.34375_-121.09375",182879,6,6099,"CA","Stanislaus County",38.37021
"37.40625_-120.53125",183816,6,6047,"CA","Merced County",38.33818
"37.40625_-120.71875",183813,6,6047,"CA","Merced County",38.33818
"37.40625_-121.03125",183808,6,6099,"CA","Stanislaus County",38.33818
"37.40625_-121.09375",183807,6,6099,"CA","Stanislaus County",38.33818
"37.40625_-121.15625",183806,6,6099,"CA","Stanislaus County",38.33818
"37.46875_-120.46875",184745,6,6047,"CA","Merced County",38.3061
"37.46875_-120.53125",184744,6,6047,"CA","Merced County",38.3061
"37.46875_-120.59375",184743,6,6047,"CA","Merced County",38.3061
"37.46875_-120.65625",184742,6,6047,"CA","Merced County",38.3061
"37.46875_-120.71875",184741,6,6047,"CA","Merced County",38.3061
"37.46875_-120.78125",184740,6,6047,"CA","Merced County",38.3061
"37.46875_-121.03125",184736,6,6099,"CA","Stanislaus County",38.3061
"37.46875_-121.09375",184735,6,6099,"CA","Stanislaus County",38.3061
"37.46875_-121.15625",184734,6,6099,"CA","Stanislaus County",38.3061
"37.46875_-121.21875",184733,6,6099,"CA","Stanislaus County",38.3061
"37.53125_-120.65625",185670,6,6099,"CA","Stanislaus County",38.27398
"37.53125_-120.71875",185669,6,6099,"CA","Stanislaus County",38.27398
"37.53125_-120.96875",185665,6,6099,"CA","Stanislaus County",38.27398
"37.53125_-121.03125",185664,6,6099,"CA","Stanislaus County",38.27398
"37.53125_-121.09375",185663,6,6099,"CA","Stanislaus County",38.27398
"37.53125_-121.15625",185662,6,6099,"CA","Stanislaus County",38.27398
"37.53125_-121.21875",185661,6,6099,"CA","Stanislaus County",38.27398
"37.53125_-121.28125",185660,6,6099,"CA","Stanislaus County",38.27398
"37.59375_-120.71875",186597,6,6099,"CA","Stanislaus County",38.24181
"37.59375_-120.78125",186596,6,6099,"CA","Stanislaus County",38.24181
"37.59375_-120.84375",186595,6,6099,"CA","Stanislaus County",38.24181
"37.59375_-120.90625",186594,6,6099,"CA","Stanislaus County",38.24181
"37.59375_-120.96875",186593,6,6099,"CA","Stanislaus County",38.24181
"37.59375_-121.03125",186592,6,6099,"CA","Stanislaus County",38.24181
"37.59375_-121.09375",186591,6,6099,"CA","Stanislaus County",38.24181
"37.59375_-121.15625",186590,6,6099,"CA","Stanislaus County",38.24181
"37.59375_-121.21875",186589,6,6099,"CA","Stanislaus County",38.24181
"37.59375_-121.28125",186588,6,6099,"CA","Stanislaus County",38.24181
"37.65625_-120.65625",187526,6,6099,"CA","Stanislaus County",38.2096
"37.65625_-120.71875",187525,6,6099,"CA","Stanislaus County",38.2096
"37.65625_-120.78125",187524,6,6099,"CA","Stanislaus County",38.2096
"37.65625_-120.84375",187523,6,6099,"CA","Stanislaus County",38.2096
"37.65625_-120.90625",187522,6,6099,"CA","Stanislaus County",38.2096
"37.65625_-121.03125",187520,6,6099,"CA","Stanislaus County",38.2096
"37.65625_-121.09375",187519,6,6099,"CA","Stanislaus County",38.2096
"37.65625_-121.15625",187518,6,6099,"CA","Stanislaus County",38.2096
"37.65625_-121.21875",187517,6,6099,"CA","Stanislaus County",38.2096
"37.65625_-121.28125",187516,6,6077,"CA","San Joaquin County",38.2096
"37.65625_-121.34375",187515,6,6077,"CA","San Joaquin County",38.2096
"37.65625_-121.40625",187514,6,6077,"CA","San Joaquin County",38.2096
"37.71875_-120.65625",188454,6,6099,"CA","Stanislaus County",38.17734
"37.71875_-120.71875",188453,6,6099,"CA","Stanislaus County",38.17734
"37.71875_-120.78125",188452,6,6099,"CA","Stanislaus County",38.17734
"37.71875_-120.84375",188451,6,6099,"CA","Stanislaus County",38.17734
"37.71875_-120.90625",188450,6,6099,"CA","Stanislaus County",38.17734
"37.71875_-120.96875",188449,6,6099,"CA","Stanislaus County",38.17734
"37.71875_-121.03125",188448,6,6099,"CA","Stanislaus County",38.17734
"37.71875_-121.09375",188447,6,6099,"CA","Stanislaus County",38.17734
"37.71875_-121.15625",188446,6,6077,"CA","San Joaquin County",38.17734
"37.71875_-121.21875",188445,6,6077,"CA","San Joaquin County",38.17734
"37.71875_-121.28125",188444,6,6077,"CA","San Joaquin County",38.17734
"37.71875_-121.34375",188443,6,6077,"CA","San Joaquin County",38.17734
"37.71875_-121.40625",188442,6,6077,"CA","San Joaquin County",38.17734
"37.78125_-120.71875",189381,6,6099,"CA","Stanislaus County",38.14504
"37.78125_-120.78125",189380,6,6099,"CA","Stanislaus County",38.14504
"37.78125_-120.84375",189379,6,6099,"CA","Stanislaus County",38.14504
"37.78125_-120.90625",189378,6,6099,"CA","Stanislaus County",38.14504
"37.78125_-120.96875",189377,6,6077,"CA","San Joaquin County",38.14504
"37.78125_-121.03125",189376,6,6077,"CA","San Joaquin County",38.14504
"37.78125_-121.09375",189375,6,6077,"CA","San Joaquin County",38.14504
"37.78125_-121.15625",189374,6,6077,"CA","San Joaquin County",38.14504
"37.78125_-121.21875",189373,6,6077,"CA","San Joaquin County",38.14504
"37.78125_-121.28125",189372,6,6077,"CA","San Joaquin County",38.14504
"37.78125_-121.34375",189371,6,6077,"CA","San Joaquin County",38.14504
"37.78125_-78.96875",190049,51,51125,"VA","Nelson County",38.14504
"37.84375_-120.71875",190309,6,6099,"CA","Stanislaus County",38.11269
"37.84375_-120.84375",190307,6,6099,"CA","Stanislaus County",38.11269
"37.84375_-120.90625",190306,6,6099,"CA","Stanislaus County",38.11269
"37.84375_-120.96875",190305,6,6077,"CA","San Joaquin County",38.11269
"37.84375_-121.03125",190304,6,6077,"CA","San Joaquin County",38.11269
"37.84375_-121.09375",190303,6,6077,"CA","San Joaquin County",38.11269
"37.84375_-121.15625",190302,6,6077,"CA","San Joaquin County",38.11269
"37.84375_-121.21875",190301,6,6077,"CA","San Joaquin County",38.11269
"37.84375_-121.28125",190300,6,6077,"CA","San Joaquin County",38.11269
"37.84375_-121.34375",190299,6,6077,"CA","San Joaquin County",38.11269
"37.84375_-121.40625",190298,6,6077,"CA","San Joaquin County",38.11269
"37.90625_-120.84375",191235,6,6099,"CA","Stanislaus County",38.08029
"37.90625_-120.90625",191234,6,6099,"CA","Stanislaus County",38.08029
"37.90625_-120.96875",191233,6,6077,"CA","San Joaquin County",38.08029
"37.90625_-121.03125",191232,6,6077,"CA","San Joaquin County",38.08029
"37.90625_-121.09375",191231,6,6077,"CA","San Joaquin County",38.08029
"37.90625_-121.15625",191230,6,6077,"CA","San Joaquin County",38.08029
"37.90625_-121.21875",191229,6,6077,"CA","San Joaquin County",38.08029
"37.90625_-121.28125",191228,6,6077,"CA","San Joaquin County",38.08029
"37.90625_-121.34375",191227,6,6077,"CA","San Joaquin County",38.08029
"37.90625_-121.40625",191226,6,6077,"CA","San Joaquin County",38.08029
"37.96875_-120.96875",192161,6,6077,"CA","San Joaquin County",38.04785
"37.96875_-121.03125",192160,6,6077,"CA","San Joaquin County",38.04785
"37.96875_-121.09375",192159,6,6077,"CA","San Joaquin County",38.04785
"37.96875_-121.15625",192158,6,6077,"CA","San Joaquin County",38.04785
"37.96875_-121.21875",192157,6,6077,"CA","San Joaquin County",38.04785
"37.96875_-121.40625",192154,6,6077,"CA","San Joaquin County",38.04785
"37.96875_-121.46875",192153,6,6077,"CA","San Joaquin County",38.04785
"38.03125_-120.96875",193089,6,6077,"CA","San Joaquin County",38.01537
"38.03125_-121.03125",193088,6,6077,"CA","San Joaquin County",38.01537
"38.03125_-121.09375",193087,6,6077,"CA","San Joaquin County",38.01537
"38.03125_-121.15625",193086,6,6077,"CA","San Joaquin County",38.01537
"38.03125_-121.21875",193085,6,6077,"CA","San Joaquin County",38.01537
"38.03125_-121.28125",193084,6,6077,"CA","San Joaquin County",38.01537
"38.03125_-121.34375",193083,6,6077,"CA","San Joaquin County",38.01537
"38.03125_-121.40625",193082,6,6077,"CA","San Joaquin County",38.01537
"38.03125_-121.46875",193081,6,6077,"CA","San Joaquin County",38.01537
"38.03125_-121.53125",193080,6,6077,"CA","San Joaquin County",38.01537
"38.09375_-120.90625",194018,6,6009,"CA","Calaveras County",37.98284
"38.09375_-120.96875",194017,6,6077,"CA","San Joaquin County",37.98284
"38.09375_-121.03125",194016,6,6077,"CA","San Joaquin County",37.98284
"38.09375_-121.09375",194015,6,6077,"CA","San Joaquin County",37.98284
"38.09375_-121.15625",194014,6,6077,"CA","San Joaquin County",37.98284
"38.09375_-121.21875",194013,6,6077,"CA","San Joaquin County",37.98284
"38.09375_-121.28125",194012,6,6077,"CA","San Joaquin County",37.98284
"38.09375_-121.34375",194011,6,6077,"CA","San Joaquin County",37.98284
"38.09375_-121.40625",194010,6,6077,"CA","San Joaquin County",37.98284
"38.09375_-121.46875",194009,6,6077,"CA","San Joaquin County",37.98284
"38.15625_-121.09375",194943,6,6077,"CA","San Joaquin County",37.95026
"38.15625_-121.15625",194942,6,6077,"CA","San Joaquin County",37.95026
"38.15625_-121.21875",194941,6,6077,"CA","San Joaquin County",37.95026
"38.15625_-121.28125",194940,6,6077,"CA","San Joaquin County",37.95026
"38.15625_-121.34375",194939,6,6077,"CA","San Joaquin County",37.95026
"38.15625_-121.40625",194938,6,6077,"CA","San Joaquin County",37.95026
"38.15625_-121.46875",194937,6,6077,"CA","San Joaquin County",37.95026
"38.15625_-121.59375",194935,6,6067,"CA","Sacramento County",37.95026
"38.21875_-121.03125",195872,6,6077,"CA","San Joaquin County",37.91764
"38.21875_-121.09375",195871,6,6077,"CA","San Joaquin County",37.91764
"38.21875_-121.15625",195870,6,6077,"CA","San Joaquin County",37.91764
"38.21875_-121.21875",195869,6,6077,"CA","San Joaquin County",37.91764
"38.21875_-121.28125",195868,6,6077,"CA","San Joaquin County",37.91764
"38.21875_-121.34375",195867,6,6077,"CA","San Joaquin County",37.91764
"38.21875_-121.40625",195866,6,6077,"CA","San Joaquin County",37.91764
"38.21875_-121.46875",195865,6,6077,"CA","San Joaquin County",37.91764
"38.21875_-121.53125",195864,6,6067,"CA","Sacramento County",37.91764
"38.21875_-121.59375",195863,6,6067,"CA","Sacramento County",37.91764
"38.21875_-121.65625",195862,6,6095,"CA","Solano County",37.91764
"38.28125_-120.96875",196801,6,6005,"CA","Amador County",37.88497
"38.28125_-121.09375",196799,6,6077,"CA","San Joaquin County",37.88497
"38.28125_-121.15625",196798,6,6067,"CA","Sacramento County",37.88497
"38.28125_-121.21875",196797,6,6067,"CA","Sacramento County",37.88497
"38.28125_-121.28125",196796,6,6067,"CA","Sacramento County",37.88497
"38.28125_-121.34375",196795,6,6067,"CA","Sacramento County",37.88497
"38.28125_-121.40625",196794,6,6067,"CA","Sacramento County",37.88497
"38.28125_-121.46875",196793,6,6067,"CA","Sacramento County",37.88497
"38.28125_-121.53125",196792,6,6067,"CA","Sacramento County",37.88497
"38.28125_-121.59375",196791,6,6067,"CA","Sacramento County",37.88497
"38.28125_-121.65625",196790,6,6095,"CA","Solano County",37.88497
"38.34375_-121.28125",197724,6,6067,"CA","Sacramento County",37.85226
"38.34375_-121.34375",197723,6,6067,"CA","Sacramento County",37.85226
"38.34375_-121.40625",197722,6,6067,"CA","Sacramento County",37.85226
"38.34375_-121.53125",197720,6,6067,"CA","Sacramento County",37.85226
"38.34375_-121.59375",197719,6,6113,"CA","Yolo County",37.85226
"38.40625_-121.28125",198652,6,6067,"CA","Sacramento County",37.81951
"38.40625_-121.34375",198651,6,6067,"CA","Sacramento County",37.81951
"38.40625_-121.53125",198648,6,6113,"CA","Yolo County",37.81951
"38.40625_-121.90625",198642,6,6095,"CA","Solano County",37.81951
"38.46875_-121.15625",199582,6,6067,"CA","Sacramento County",37.7867
"38.46875_-121.21875",199581,6,6067,"CA","Sacramento County",37.7867
"38.46875_-121.28125",199580,6,6067,"CA","Sacramento County",37.7867
"38.46875_-121.65625",199574,6,6113,"CA","Yolo County",37.7867
"38.46875_-121.71875",199573,6,6095,"CA","Solano County",37.7867
"38.46875_-121.78125",199572,6,6095,"CA","Solano County",37.7867
"38.46875_-121.84375",199571,6,6095,"CA","Solano County",37.7867
"38.46875_-121.90625",199570,6,6095,"CA","Solano County",37.7867
"38.46875_-121.96875",199569,6,6095,"CA","Solano County",37.7867
"38.46875_-122.03125",199568,6,6095,"CA","Solano County",37.7867
"38.53125_-121.65625",200502,6,6113,"CA","Yolo County",37.75386
"38.53125_-121.71875",200501,6,6113,"CA","Yolo County",37.75386
"38.53125_-121.78125",200500,6,6113,"CA","Yolo County",37.75386
"38.53125_-121.84375",200499,6,6095,"CA","Solano County",37.75386
"38.53125_-121.90625",200498,6,6095,"CA","Solano County",37.75386
"38.53125_-121.96875",200497,6,6113,"CA","Yolo County",37.75386
"38.53125_-122.03125",200496,6,6113,"CA","Yolo County",37.75386
"38.59375_-121.46875",201433,6,6067,"CA","Sacramento County",37.72097
"38.59375_-121.59375",201431,6,6113,"CA","Yolo County",37.72097
"38.59375_-121.71875",201429,6,6113,"CA","Yolo County",37.72097
"38.59375_-121.78125",201428,6,6113,"CA","Yolo County",37.72097
"38.59375_-121.84375",201427,6,6113,"CA","Yolo County",37.72097
"38.59375_-121.90625",201426,6,6113,"CA","Yolo County",37.72097
"38.59375_-121.96875",201425,6,6113,"CA","Yolo County",37.72097
"38.65625_-121.59375",202359,6,6067,"CA","Sacramento County",37.68803
"38.65625_-121.65625",202358,6,6113,"CA","Yolo County",37.68803
"38.65625_-121.71875",202357,6,6113,"CA","Yolo County",37.68803
"38.65625_-121.78125",202356,6,6113,"CA","Yolo County",37.68803
"38.65625_-121.84375",202355,6,6113,"CA","Yolo County",37.68803
"38.65625_-121.90625",202354,6,6113,"CA","Yolo County",37.68803
"38.65625_-121.96875",202353,6,6113,"CA","Yolo County",37.68803
"38.65625_-122.03125",202352,6,6113,"CA","Yolo County",37.68803
"38.71875_-121.59375",203287,6,6067,"CA","Sacramento County",37.65505
"38.71875_-121.65625",203286,6,6113,"CA","Yolo County",37.65505
"38.71875_-121.71875",203285,6,6113,"CA","Yolo County",37.65505
"38.71875_-121.78125",203284,6,6113,"CA","Yolo County",37.65505
"38.71875_-121.84375",203283,6,6113,"CA","Yolo County",37.65505
"38.71875_-121.90625",203282,6,6113,"CA","Yolo County",37.65505
"38.71875_-121.96875",203281,6,6113,"CA","Yolo County",37.65505
"38.71875_-122.03125",203280,6,6113,"CA","Yolo County",37.65505
"38.71875_-122.09375",203279,6,6113,"CA","Yolo County",37.65505
"38.71875_-122.15625",203278,6,6113,"CA","Yolo County",37.65505
"38.78125_-121.59375",204215,6,6101,"CA","Sutter County",37.62202
"38.78125_-121.65625",204214,6,6101,"CA","Sutter County",37.62202
"38.78125_-121.71875",204213,6,6113,"CA","Yolo County",37.62202
"38.78125_-121.78125",204212,6,6113,"CA","Yolo County",37.62202
"38.78125_-121.84375",204211,6,6113,"CA","Yolo County",37.62202
"38.78125_-121.90625",204210,6,6113,"CA","Yolo County",37.62202
"38.78125_-121.96875",204209,6,6113,"CA","Yolo County",37.62202
"38.78125_-122.03125",204208,6,6113,"CA","Yolo County",37.62202
"38.78125_-122.15625",204206,6,6113,"CA","Yolo County",37.62202
"38.84375_-107.78125",205364,8,8029,"CO","Delta County",37.58895
"38.84375_-121.53125",205144,6,6101,"CA","Sutter County",37.58895
"38.84375_-121.59375",205143,6,6101,"CA","Sutter County",37.58895
"38.84375_-121.65625",205142,6,6101,"CA","Sutter County",37.58895
"38.84375_-121.71875",205141,6,6101,"CA","Sutter County",37.58895
"38.84375_-121.78125",205140,6,6113,"CA","Yolo County",37.58895
"38.84375_-121.84375",205139,6,6113,"CA","Yolo County",37.58895
"38.84375_-121.90625",205138,6,6113,"CA","Yolo County",37.58895
"38.84375_-121.96875",205137,6,6113,"CA","Yolo County",37.58895
"38.84375_-122.21875",205133,6,6113,"CA","Yolo County",37.58895
"38.90625_-107.96875",206289,8,8029,"CO","Delta County",37.55584
"38.90625_-121.34375",206075,6,6061,"CA","Placer County",37.55584
"38.90625_-121.40625",206074,6,6061,"CA","Placer County",37.55584
"38.90625_-121.53125",206072,6,6101,"CA","Sutter County",37.55584
"38.90625_-121.59375",206071,6,6101,"CA","Sutter County",37.55584
"38.90625_-121.78125",206068,6,6101,"CA","Sutter County",37.55584
"38.90625_-121.84375",206067,6,6113,"CA","Yolo County",37.55584
"38.90625_-121.90625",206066,6,6113,"CA","Yolo County",37.55584
"38.90625_-121.96875",206065,6,6113,"CA","Yolo County",37.55584
"38.90625_-122.03125",206064,6,6113,"CA","Yolo County",37.55584
"38.90625_-122.09375",206063,6,6113,"CA","Yolo County",37.55584
"38.90625_-122.21875",206061,6,6113,"CA","Yolo County",37.55584
"38.96875_-121.40625",207002,6,6061,"CA","Placer County",37.52268
"38.96875_-121.46875",207001,6,6101,"CA","Sutter County",37.52268
"38.96875_-121.53125",207000,6,6101,"CA","Sutter County",37.52268
"38.96875_-121.59375",206999,6,6101,"CA","Sutter County",37.52268
"38.96875_-121.65625",206998,6,6101,"CA","Sutter County",37.52268
"38.96875_-121.71875",206997,6,6101,"CA","Sutter County",37.52268
"38.96875_-121.78125",206996,6,6101,"CA","Sutter County",37.52268
"38.96875_-121.84375",206995,6,6011,"CA","Colusa County",37.52268
"38.96875_-121.90625",206994,6,6011,"CA","Colusa County",37.52268
"38.96875_-121.96875",206993,6,6011,"CA","Colusa County",37.52268
"38.96875_-122.03125",206992,6,6011,"CA","Colusa County",37.52268
"38.96875_-122.09375",206991,6,6011,"CA","Colusa County",37.52268
"39.03125_-121.34375",207931,6,6061,"CA","Placer County",37.52268
"39.03125_-121.40625",207930,6,6115,"CA","Yuba County",37.52268
"39.03125_-121.46875",207929,6,6115,"CA","Yuba County",37.52268
"39.03125_-121.53125",207928,6,6115,"CA","Yuba County",37.52268
"39.03125_-121.59375",207927,6,6115,"CA","Yuba County",37.52268
"39.03125_-121.65625",207926,6,6101,"CA","Sutter County",37.52268
"39.03125_-121.71875",207925,6,6101,"CA","Sutter County",37.52268
"39.03125_-121.78125",207924,6,6101,"CA","Sutter County",37.52268
"39.03125_-121.84375",207923,6,6011,"CA","Colusa County",37.52268
"39.03125_-121.90625",207922,6,6011,"CA","Colusa County",37.52268
"39.03125_-121.96875",207921,6,6011,"CA","Colusa County",37.52268
"39.03125_-122.03125",207920,6,6011,"CA","Colusa County",37.52268
"39.03125_-122.09375",207919,6,6011,"CA","Colusa County",37.52268
"39.03125_-122.15625",207918,6,6011,"CA","Colusa County",37.52268
"39.09375_-108.40625",209066,8,8077,"CO","Mesa County",37.48947
"39.09375_-121.40625",208858,6,6115,"CA","Yuba County",37.48947
"39.09375_-121.46875",208857,6,6115,"CA","Yuba County",37.48947
"39.09375_-121.59375",208855,6,6115,"CA","Yuba County",37.48947
"39.09375_-121.65625",208854,6,6101,"CA","Sutter County",37.48947
"39.09375_-121.71875",208853,6,6101,"CA","Sutter County",37.48947
"39.09375_-121.78125",208852,6,6101,"CA","Sutter County",37.48947
"39.09375_-121.84375",208851,6,6101,"CA","Sutter County",37.48947
"39.09375_-121.90625",208850,6,6011,"CA","Colusa County",37.48947
"39.09375_-121.96875",208849,6,6011,"CA","Colusa County",37.48947
"39.09375_-122.03125",208848,6,6011,"CA","Colusa County",37.48947
"39.09375_-122.09375",208847,6,6011,"CA","Colusa County",37.48947
"39.09375_-122.15625",208846,6,6011,"CA","Colusa County",37.48947
"39.09375_-122.21875",208845,6,6011,"CA","Colusa County",37.48947
"39.09375_-78.21875",209549,51,51069,"VA","Frederick County",37.48947
"39.09375_-78.28125",209548,51,51069,"VA","Frederick County",37.48947
"39.15625_-121.46875",209785,6,6115,"CA","Yuba County",37.45623
"39.15625_-121.53125",209784,6,6115,"CA","Yuba County",37.45623
"39.15625_-121.59375",209783,6,6115,"CA","Yuba County",37.45623
"39.15625_-121.65625",209782,6,6101,"CA","Sutter County",37.45623
"39.15625_-121.71875",209781,6,6101,"CA","Sutter County",37.45623
"39.15625_-121.78125",209780,6,6101,"CA","Sutter County",37.45623
"39.15625_-121.84375",209779,6,6101,"CA","Sutter County",37.45623
"39.15625_-121.90625",209778,6,6101,"CA","Sutter County",37.45623
"39.15625_-121.96875",209777,6,6011,"CA","Colusa County",37.45623
"39.15625_-122.09375",209775,6,6011,"CA","Colusa County",37.45623
"39.15625_-122.15625",209774,6,6011,"CA","Colusa County",37.45623
"39.15625_-122.21875",209773,6,6011,"CA","Colusa County",37.45623
"39.15625_-122.28125",209772,6,6011,"CA","Colusa County",37.45623
"39.15625_-78.21875",210477,51,51069,"VA","Frederick County",37.45623
"39.15625_-78.28125",210476,51,51069,"VA","Frederick County",37.45623
"39.21875_-121.46875",210713,6,6115,"CA","Yuba County",37.42293
"39.21875_-121.53125",210712,6,6115,"CA","Yuba County",37.42293
"39.21875_-121.59375",210711,6,6115,"CA","Yuba County",37.42293
"39.21875_-121.65625",210710,6,6101,"CA","Sutter County",37.42293
"39.21875_-121.71875",210709,6,6101,"CA","Sutter County",37.42293
"39.21875_-121.90625",210706,6,6101,"CA","Sutter County",37.42293
"39.21875_-121.96875",210705,6,6011,"CA","Colusa County",37.42293
"39.21875_-122.03125",210704,6,6011,"CA","Colusa County",37.42293
"39.21875_-122.28125",210700,6,6011,"CA","Colusa County",37.42293
"39.21875_-78.15625",211406,51,51069,"VA","Frederick County",37.42293
"39.21875_-78.21875",211405,51,51069,"VA","Frederick County",37.42293
"39.28125_-121.53125",211640,6,6115,"CA","Yuba County",37.38959
"39.28125_-121.59375",211639,6,6115,"CA","Yuba County",37.38959
"39.28125_-121.65625",211638,6,6101,"CA","Sutter County",37.38959
"39.28125_-121.71875",211637,6,6101,"CA","Sutter County",37.38959
"39.28125_-121.78125",211636,6,6101,"CA","Sutter County",37.38959
"39.28125_-121.84375",211635,6,6101,"CA","Sutter County",37.38959
"39.28125_-121.90625",211634,6,6101,"CA","Sutter County",37.38959
"39.28125_-121.96875",211633,6,6011,"CA","Colusa County",37.38959
"39.28125_-122.03125",211632,6,6011,"CA","Colusa County",37.38959
"39.28125_-122.21875",211629,6,6011,"CA","Colusa County",37.38959
"39.28125_-122.28125",211628,6,6011,"CA","Colusa County",37.38959
"39.28125_-78.09375",212335,51,51069,"VA","Frederick County",37.38959
"39.28125_-78.15625",212334,51,51069,"VA","Frederick County",37.38959
"39.34375_-121.46875",212569,6,6007,"CA","Butte County",37.35621
"39.34375_-121.53125",212568,6,6007,"CA","Butte County",37.35621
"39.34375_-121.59375",212567,6,6007,"CA","Butte County",37.35621
"39.34375_-121.65625",212566,6,6007,"CA","Butte County",37.35621
"39.34375_-121.71875",212565,6,6007,"CA","Butte County",37.35621
"39.34375_-121.78125",212564,6,6007,"CA","Butte County",37.35621
"39.34375_-121.84375",212563,6,6007,"CA","Butte County",37.35621
"39.34375_-121.96875",212561,6,6011,"CA","Colusa County",37.35621
"39.34375_-122.03125",212560,6,6011,"CA","Colusa County",37.35621
"39.34375_-122.09375",212559,6,6011,"CA","Colusa County",37.35621
"39.34375_-122.15625",212558,6,6011,"CA","Colusa County",37.35621
"39.34375_-122.21875",212557,6,6011,"CA","Colusa County",37.35621
"39.34375_-122.28125",212556,6,6011,"CA","Colusa County",37.35621
"39.34375_-77.84375",213267,54,54037,"WV","Jefferson County",37.35621
"39.34375_-78.09375",213263,54,54003,"WV","Berkeley County",37.35621
"39.40625_-121.53125",213496,6,6007,"CA","Butte County",37.32278
"39.40625_-121.59375",213495,6,6007,"CA","Butte County",37.32278
"39.40625_-121.65625",213494,6,6007,"CA","Butte County",37.32278
"39.40625_-121.71875",213493,6,6007,"CA","Butte County",37.32278
"39.40625_-121.90625",213490,6,6021,"CA","Glenn County",37.32278
"39.40625_-121.96875",213489,6,6021,"CA","Glenn County",37.32278
"39.40625_-122.03125",213488,6,6011,"CA","Colusa County",37.32278
"39.40625_-122.09375",213487,6,6011,"CA","Colusa County",37.32278
"39.40625_-122.15625",213486,6,6021,"CA","Glenn County",37.32278
"39.40625_-122.28125",213484,6,6021,"CA","Glenn County",37.32278
"39.40625_-78.03125",214192,54,54003,"WV","Berkeley County",37.32278
"39.40625_-78.09375",214191,54,54003,"WV","Berkeley County",37.32278
"39.40625_-78.28125",214188,51,51069,"VA","Frederick County",37.32278
"39.46875_-121.59375",214423,6,6007,"CA","Butte County",37.28931
"39.46875_-121.65625",214422,6,6007,"CA","Butte County",37.28931
"39.46875_-121.90625",214418,6,6021,"CA","Glenn County",37.28931
"39.46875_-121.96875",214417,6,6021,"CA","Glenn County",37.28931
"39.46875_-122.03125",214416,6,6021,"CA","Glenn County",37.28931
"39.46875_-122.15625",214414,6,6021,"CA","Glenn County",37.28931
"39.46875_-122.21875",214413,6,6021,"CA","Glenn County",37.28931
"39.46875_-122.28125",214412,6,6021,"CA","Glenn County",37.28931
"39.46875_-78.03125",215120,54,54003,"WV","Berkeley County",37.28931
"39.53125_-121.71875",215349,6,6007,"CA","Butte County",37.2558
"39.53125_-121.96875",215345,6,6021,"CA","Glenn County",37.2558
"39.53125_-122.03125",215344,6,6021,"CA","Glenn County",37.2558
"39.53125_-122.09375",215343,6,6021,"CA","Glenn County",37.2558
"39.53125_-122.15625",215342,6,6021,"CA","Glenn County",37.2558
"39.53125_-122.21875",215341,6,6021,"CA","Glenn County",37.2558
"39.53125_-122.28125",215340,6,6021,"CA","Glenn County",37.2558
"39.53125_-77.96875",216049,54,54003,"WV","Berkeley County",37.2558
"39.53125_-78.21875",216045,54,54065,"WV","Morgan County",37.2558
"39.59375_-121.65625",216278,6,6007,"CA","Butte County",37.22224
"39.59375_-121.71875",216277,6,6007,"CA","Butte County",37.22224
"39.59375_-121.78125",216276,6,6007,"CA","Butte County",37.22224
"39.59375_-121.84375",216275,6,6007,"CA","Butte County",37.22224
"39.59375_-121.90625",216274,6,6007,"CA","Butte County",37.22224
"39.59375_-121.96875",216273,6,6007,"CA","Butte County",37.22224
"39.59375_-122.03125",216272,6,6021,"CA","Glenn County",37.22224
"39.59375_-122.09375",216271,6,6021,"CA","Glenn County",37.22224
"39.59375_-122.15625",216270,6,6021,"CA","Glenn County",37.22224
"39.59375_-122.21875",216269,6,6021,"CA","Glenn County",37.22224
"39.59375_-122.28125",216268,6,6021,"CA","Glenn County",37.22224
"39.65625_-121.78125",217204,6,6007,"CA","Butte County",37.18863
"39.65625_-121.84375",217203,6,6007,"CA","Butte County",37.18863
"39.65625_-121.90625",217202,6,6007,"CA","Butte County",37.18863
"39.65625_-121.96875",217201,6,6007,"CA","Butte County",37.18863
"39.65625_-122.03125",217200,6,6021,"CA","Glenn County",37.18863
"39.65625_-122.09375",217199,6,6021,"CA","Glenn County",37.18863
"39.65625_-122.15625",217198,6,6021,"CA","Glenn County",37.18863
"39.65625_-122.21875",217197,6,6021,"CA","Glenn County",37.18863
"39.65625_-122.28125",217196,6,6021,"CA","Glenn County",37.18863
"39.65625_-77.59375",217911,24,24043,"MD","Washington County",37.18863
"39.71875_-121.78125",218132,6,6007,"CA","Butte County",37.15498
"39.71875_-121.84375",218131,6,6007,"CA","Butte County",37.15498
"39.71875_-121.90625",218130,6,6007,"CA","Butte County",37.15498
"39.71875_-121.96875",218129,6,6021,"CA","Glenn County",37.15498
"39.71875_-122.03125",218128,6,6021,"CA","Glenn County",37.15498
"39.71875_-122.09375",218127,6,6021,"CA","Glenn County",37.15498
"39.71875_-122.15625",218126,6,6021,"CA","Glenn County",37.15498
"39.71875_-122.21875",218125,6,6021,"CA","Glenn County",37.15498
"39.71875_-122.28125",218124,6,6021,"CA","Glenn County",37.15498
"39.71875_-77.53125",218840,24,24043,"MD","Washington County",37.15498
"39.78125_-121.90625",219058,6,6007,"CA","Butte County",37.12129
"39.78125_-121.96875",219057,6,6007,"CA","Butte County",37.12129
"39.78125_-122.03125",219056,6,6021,"CA","Glenn County",37.12129
"39.78125_-122.09375",219055,6,6021,"CA","Glenn County",37.12129
"39.78125_-122.15625",219054,6,6021,"CA","Glenn County",37.12129
"39.84375_-121.90625",219986,6,6007,"CA","Butte County",37.08755
"39.84375_-121.96875",219985,6,6007,"CA","Butte County",37.08755
"39.84375_-122.03125",219984,6,6007,"CA","Butte County",37.08755
"39.84375_-122.09375",219983,6,6103,"CA","Tehama County",37.08755
"39.84375_-122.15625",219982,6,6103,"CA","Tehama County",37.08755
"39.84375_-77.34375",220699,42,42001,"PA","Adams County",37.08755
"39.84375_-77.40625",220698,42,42001,"PA","Adams County",37.08755
"39.90625_-121.96875",220913,6,6103,"CA","Tehama County",37.05377
"39.90625_-122.03125",220912,6,6103,"CA","Tehama County",37.05377
"39.90625_-122.09375",220911,6,6103,"CA","Tehama County",37.05377
"39.90625_-122.15625",220910,6,6103,"CA","Tehama County",37.05377
"39.90625_-122.21875",220909,6,6103,"CA","Tehama County",37.05377
"39.90625_-122.28125",220908,6,6103,"CA","Tehama County",37.05377
"39.90625_-77.28125",221628,42,42001,"PA","Adams County",37.05377
"39.90625_-77.34375",221627,42,42001,"PA","Adams County",37.05377
"39.90625_-77.40625",221626,42,42001,"PA","Adams County",37.05377
"39.96875_-121.96875",221841,6,6103,"CA","Tehama County",37.01995
"39.96875_-122.03125",221840,6,6103,"CA","Tehama County",37.01995
"39.96875_-122.09375",221839,6,6103,"CA","Tehama County",37.01995
"39.96875_-122.15625",221838,6,6103,"CA","Tehama County",37.01995
"39.96875_-122.21875",221837,6,6103,"CA","Tehama County",37.01995
"39.96875_-77.15625",222558,42,42001,"PA","Adams County",37.01995
"39.96875_-77.21875",222557,42,42001,"PA","Adams County",37.01995
"39.96875_-77.28125",222556,42,42001,"PA","Adams County",37.01995
"39.96875_-77.34375",222555,42,42001,"PA","Adams County",37.01995
"39.96875_-77.40625",222554,42,42001,"PA","Adams County",37.01995
"40.03125_-122.09375",222767,6,6103,"CA","Tehama County",36.98608
"40.03125_-122.15625",222766,6,6103,"CA","Tehama County",36.98608
"40.03125_-122.21875",222765,6,6103,"CA","Tehama County",36.98608
"40.03125_-77.09375",223487,42,42001,"PA","Adams County",36.98608
"40.03125_-77.15625",223486,42,42001,"PA","Adams County",36.98608
"40.03125_-77.21875",223485,42,42041,"PA","Cumberland County",36.98608
"40.03125_-77.28125",223484,42,42041,"PA","Cumberland County",36.98608
"40.09375_-122.09375",223695,6,6103,"CA","Tehama County",36.95216
"40.09375_-122.15625",223694,6,6103,"CA","Tehama County",36.95216
"40.09375_-122.21875",223693,6,6103,"CA","Tehama County",36.95216
"40.09375_-77.15625",224414,42,42041,"PA","Cumberland County",36.95216
"40.15625_-122.09375",224623,6,6103,"CA","Tehama County",36.91821
"40.15625_-122.15625",224622,6,6103,"CA","Tehama County",36.91821
"40.15625_-122.21875",224621,6,6103,"CA","Tehama County",36.91821
"40.40625_-122.21875",228333,6,6089,"CA","Shasta County",36.78194
"40.96875_-72.78125",237476,36,36103,"NY","Suffolk County",36.47278
"41.15625_-90.65625",239974,17,17131,"IL","Mercer County",36.36894
"41.21875_-90.65625",240902,17,17131,"IL","Mercer County",36.33424
"41.28125_-89.84375",241843,17,17011,"IL","Bureau County",36.2995
"41.28125_-89.90625",241842,17,17073,"IL","Henry County",36.2995
"41.34375_-89.90625",242770,17,17073,"IL","Henry County",36.26471
"41.34375_-89.96875",242769,17,17073,"IL","Henry County",36.26471
"41.34375_-90.78125",242756,17,17161,"IL","Rock Island County",36.26471
"41.46875_-72.84375",244899,9,9009,"CT","New Haven County",36.19501
"41.46875_-74.15625",244878,36,36071,"NY","Orange County",36.19501
"41.53125_-73.96875",245809,36,36027,"NY","Dutchess County",36.1601
"41.53125_-74.15625",245806,36,36071,"NY","Orange County",36.1601
"41.59375_-73.96875",246737,36,36111,"NY","Ulster County",36.12514
"41.59375_-74.03125",246736,36,36111,"NY","Ulster County",36.12514
"41.59375_-74.09375",246735,36,36071,"NY","Orange County",36.12514
"41.59375_-74.15625",246734,36,36111,"NY","Ulster County",36.12514
"41.65625_-72.59375",247687,9,9003,"CT","Hartford County",36.09014
"41.65625_-73.96875",247665,36,36111,"NY","Ulster County",36.09014
"41.65625_-74.03125",247664,36,36111,"NY","Ulster County",36.09014
"41.65625_-74.09375",247663,36,36111,"NY","Ulster County",36.09014
"41.65625_-74.15625",247662,36,36111,"NY","Ulster County",36.09014
"41.71875_-73.96875",248593,36,36111,"NY","Ulster County",36.0551
"41.71875_-74.03125",248592,36,36111,"NY","Ulster County",36.0551
"41.71875_-74.09375",248591,36,36111,"NY","Ulster County",36.0551
"41.71875_-74.15625",248590,36,36111,"NY","Ulster County",36.0551
"41.78125_-74.03125",249520,36,36111,"NY","Ulster County",36.02001
"41.84375_-83.78125",250292,26,26091,"MI","Lenawee County",35.98488
"41.90625_-86.34375",251179,26,26021,"MI","Berrien County",35.94971
"41.90625_-86.40625",251178,26,26021,"MI","Berrien County",35.94971
"41.90625_-86.46875",251177,26,26021,"MI","Berrien County",35.94971
"41.90625_-86.53125",251176,26,26021,"MI","Berrien County",35.94971
"41.96875_-121.59375",251543,6,6093,"CA","Siskiyou County",35.9145
"41.96875_-86.09375",252111,26,26027,"MI","Cass County",35.9145
"41.96875_-86.21875",252109,26,26027,"MI","Cass County",35.9145
"41.96875_-86.28125",252108,26,26021,"MI","Berrien County",35.9145
"41.96875_-86.34375",252107,26,26021,"MI","Berrien County",35.9145
"41.96875_-86.40625",252106,26,26021,"MI","Berrien County",35.9145
"41.96875_-86.46875",252105,26,26021,"MI","Berrien County",35.9145
"42.03125_-86.15625",253038,26,26027,"MI","Cass County",35.87924
"42.03125_-86.21875",253037,26,26027,"MI","Cass County",35.87924
"42.03125_-86.28125",253036,26,26021,"MI","Berrien County",35.87924
"42.03125_-86.34375",253035,26,26021,"MI","Berrien County",35.87924
"42.09375_-86.09375",253967,26,26159,"MI","Van Buren County",35.84394
"42.09375_-86.15625",253966,26,26159,"MI","Van Buren County",35.84394
"42.09375_-86.21875",253965,26,26159,"MI","Van Buren County",35.84394
"42.09375_-86.28125",253964,26,26021,"MI","Berrien County",35.84394
"42.09375_-86.34375",253963,26,26021,"MI","Berrien County",35.84394
"42.15625_-73.84375",255091,36,36021,"NY","Columbia County",35.8086
"42.15625_-86.03125",254896,26,26159,"MI","Van Buren County",35.8086
"42.15625_-86.09375",254895,26,26159,"MI","Van Buren County",35.8086
"42.15625_-86.15625",254894,26,26159,"MI","Van Buren County",35.8086
"42.15625_-86.21875",254893,26,26159,"MI","Van Buren County",35.8086
"42.15625_-86.28125",254892,26,26021,"MI","Berrien County",35.8086
"42.15625_-86.34375",254891,26,26021,"MI","Berrien County",35.8086
"42.21875_-85.78125",255828,26,26159,"MI","Van Buren County",35.77321
"42.21875_-85.96875",255825,26,26159,"MI","Van Buren County",35.77321
"42.21875_-86.03125",255824,26,26159,"MI","Van Buren County",35.77321
"42.21875_-86.09375",255823,26,26159,"MI","Van Buren County",35.77321
"42.21875_-86.15625",255822,26,26159,"MI","Van Buren County",35.77321
"42.28125_-72.34375",256971,25,25015,"MA","Hampshire County",35.73778
"42.28125_-85.96875",256753,26,26159,"MI","Van Buren County",35.73778
"42.28125_-86.03125",256752,26,26159,"MI","Van Buren County",35.73778
"42.28125_-86.09375",256751,26,26159,"MI","Van Buren County",35.73778
"42.28125_-86.15625",256750,26,26159,"MI","Van Buren County",35.73778
"42.28125_-86.21875",256749,26,26159,"MI","Van Buren County",35.73778
"42.28125_-86.28125",256748,26,26159,"MI","Van Buren County",35.73778
"42.34375_-85.90625",257682,26,26159,"MI","Van Buren County",35.70231
"42.34375_-85.96875",257681,26,26159,"MI","Van Buren County",35.70231
"42.34375_-86.03125",257680,26,26159,"MI","Van Buren County",35.70231
"42.34375_-86.09375",257679,26,26159,"MI","Van Buren County",35.70231
"42.34375_-86.15625",257678,26,26159,"MI","Van Buren County",35.70231
"42.34375_-86.21875",257677,26,26159,"MI","Van Buren County",35.70231
"42.34375_-86.28125",257676,26,26159,"MI","Van Buren County",35.70231
"42.40625_-73.71875",258805,36,36021,"NY","Columbia County",35.6668
"42.40625_-85.96875",258609,26,26159,"MI","Van Buren County",35.6668
"42.40625_-86.15625",258606,26,26159,"MI","Van Buren County",35.6668
"42.40625_-86.21875",258605,26,26159,"MI","Van Buren County",35.6668
"42.46875_-86.15625",259534,26,26005,"MI","Allegan County",35.63124
"42.46875_-86.21875",259533,26,26005,"MI","Allegan County",35.63124
"42.53125_-86.15625",260462,26,26005,"MI","Allegan County",35.59565
"42.53125_-86.21875",260461,26,26005,"MI","Allegan County",35.59565
"42.59375_-86.15625",261390,26,26005,"MI","Allegan County",35.56001
"42.71875_-71.59375",263479,33,33011,"NH","Hillsborough County",35.4886
"42.71875_-74.03125",263440,36,36001,"NY","Albany County",35.4886
"42.78125_-71.59375",264407,33,33011,"NH","Hillsborough County",35.45283
"42.90625_-70.90625",266274,33,33015,"NH","Rockingham County",35.38117
"42.90625_-76.21875",266189,36,36067,"NY","Onondaga County",35.38117
"42.90625_-85.78125",266036,26,26081,"MI","Kent County",35.38117
"43.03125_-72.53125",268104,50,50025,"VT","Windham County",35.30934
"43.03125_-85.34375",267899,26,26081,"MI","Kent County",35.30934
"43.03125_-85.71875",267893,26,26081,"MI","Kent County",35.30934
"43.03125_-85.78125",267892,26,26081,"MI","Kent County",35.30934
"43.03125_-85.84375",267891,26,26139,"MI","Ottawa County",35.30934
"43.09375_-85.28125",268828,26,26067,"MI","Ionia County",35.27336
"43.09375_-85.34375",268827,26,26081,"MI","Kent County",35.27336
"43.09375_-85.65625",268822,26,26081,"MI","Kent County",35.27336
"43.09375_-85.71875",268821,26,26081,"MI","Kent County",35.27336
"43.09375_-85.78125",268820,26,26081,"MI","Kent County",35.27336
"43.09375_-85.84375",268819,26,26139,"MI","Ottawa County",35.27336
"43.09375_-85.90625",268818,26,26139,"MI","Ottawa County",35.27336
"43.15625_-76.78125",269892,36,36117,"NY","Wayne County",35.23734
"43.15625_-76.84375",269891,36,36117,"NY","Wayne County",35.23734
"43.15625_-76.90625",269890,36,36117,"NY","Wayne County",35.23734
"43.15625_-76.96875",269889,36,36117,"NY","Wayne County",35.23734
"43.15625_-77.03125",269888,36,36117,"NY","Wayne County",35.23734
"43.15625_-77.09375",269887,36,36117,"NY","Wayne County",35.23734
"43.15625_-77.21875",269885,36,36117,"NY","Wayne County",35.23734
"43.15625_-85.28125",269756,26,26117,"MI","Montcalm County",35.23734
"43.15625_-85.34375",269755,26,26081,"MI","Kent County",35.23734
"43.15625_-85.71875",269749,26,26081,"MI","Kent County",35.23734
"43.15625_-85.78125",269748,26,26081,"MI","Kent County",35.23734
"43.15625_-85.84375",269747,26,26139,"MI","Ottawa County",35.23734
"43.21875_-76.78125",270820,36,36117,"NY","Wayne County",35.20128
"43.21875_-76.84375",270819,36,36117,"NY","Wayne County",35.20128
"43.21875_-76.90625",270818,36,36117,"NY","Wayne County",35.20128
"43.21875_-76.96875",270817,36,36117,"NY","Wayne County",35.20128
"43.21875_-77.03125",270816,36,36117,"NY","Wayne County",35.20128
"43.21875_-77.09375",270815,36,36117,"NY","Wayne County",35.20128
"43.21875_-77.15625",270814,36,36117,"NY","Wayne County",35.20128
"43.21875_-77.21875",270813,36,36117,"NY","Wayne County",35.20128
"43.21875_-77.28125",270812,36,36117,"NY","Wayne County",35.20128
"43.21875_-77.90625",270802,36,36055,"NY","Monroe County",35.20128
"43.21875_-77.96875",270801,36,36055,"NY","Monroe County",35.20128
"43.21875_-78.28125",270796,36,36073,"NY","Orleans County",35.20128
"43.21875_-78.34375",270795,36,36073,"NY","Orleans County",35.20128
"43.21875_-78.40625",270794,36,36073,"NY","Orleans County",35.20128
"43.21875_-78.53125",270792,36,36063,"NY","Niagara County",35.20128
"43.21875_-78.59375",270791,36,36063,"NY","Niagara County",35.20128
"43.21875_-78.65625",270790,36,36063,"NY","Niagara County",35.20128
"43.21875_-85.71875",270677,26,26081,"MI","Kent County",35.20128
"43.21875_-85.78125",270676,26,26081,"MI","Kent County",35.20128
"43.21875_-85.84375",270675,26,26121,"MI","Muskegon County",35.20128
"43.21875_-85.90625",270674,26,26121,"MI","Muskegon County",35.20128
"43.28125_-76.71875",271749,36,36117,"NY","Wayne County",35.16518
"43.28125_-76.78125",271748,36,36117,"NY","Wayne County",35.16518
"43.28125_-76.84375",271747,36,36117,"NY","Wayne County",35.16518
"43.28125_-76.90625",271746,36,36117,"NY","Wayne County",35.16518
"43.28125_-77.03125",271744,36,36000,"NY",,35.16518
"43.28125_-77.09375",271743,36,36117,"NY","Wayne County",35.16518
"43.28125_-77.15625",271742,36,36117,"NY","Wayne County",35.16518
"43.28125_-77.21875",271741,36,36117,"NY","Wayne County",35.16518
"43.28125_-77.28125",271740,36,36000,"NY",,35.16518
"43.28125_-77.34375",271739,36,36000,"NY",,35.16518
"43.28125_-77.40625",271738,36,36000,"NY",,35.16518
"43.28125_-78.09375",271727,36,36073,"NY","Orleans County",35.16518
"43.28125_-78.15625",271726,36,36073,"NY","Orleans County",35.16518
"43.28125_-78.21875",271725,36,36073,"NY","Orleans County",35.16518
"43.28125_-78.28125",271724,36,36073,"NY","Orleans County",35.16518
"43.28125_-78.34375",271723,36,36073,"NY","Orleans County",35.16518
"43.28125_-78.40625",271722,36,36073,"NY","Orleans County",35.16518
"43.28125_-78.65625",271718,36,36063,"NY","Niagara County",35.16518
"43.28125_-78.71875",271717,36,36063,"NY","Niagara County",35.16518
"43.28125_-78.78125",271716,36,36063,"NY","Niagara County",35.16518
"43.28125_-78.84375",271715,36,36063,"NY","Niagara County",35.16518
"43.28125_-78.96875",271713,36,36063,"NY","Niagara County",35.16518
"43.28125_-85.78125",271604,26,26081,"MI","Kent County",35.16518
"43.28125_-85.84375",271603,26,26121,"MI","Muskegon County",35.16518
"43.34375_-77.96875",272657,36,36055,"NY","Monroe County",35.12904
"43.34375_-78.03125",272656,36,36073,"NY","Orleans County",35.12904
"43.34375_-78.15625",272654,36,36073,"NY","Orleans County",35.12904
"43.34375_-78.21875",272653,36,36073,"NY","Orleans County",35.12904
"43.34375_-78.28125",272652,36,36073,"NY","Orleans County",35.12904
"43.34375_-78.34375",272651,36,36073,"NY","Orleans County",35.12904
"43.34375_-78.40625",272650,36,36073,"NY","Orleans County",35.12904
"43.34375_-78.53125",272648,36,36063,"NY","Niagara County",35.12904
"43.34375_-78.59375",272647,36,36063,"NY","Niagara County",35.12904
"43.34375_-78.65625",272646,36,36063,"NY","Niagara County",35.12904
"43.34375_-78.71875",272645,36,36000,"NY",,35.12904
"43.34375_-78.78125",272644,36,36000,"NY",,35.12904
"43.34375_-85.84375",272531,26,26123,"MI","Newaygo County",35.12904
"43.40625_-86.03125",273456,26,26123,"MI","Newaygo County",35.09285
"43.53125_-116.78125",274820,16,16027,"ID","Canyon County",35.02035
"43.53125_-85.96875",275313,26,26123,"MI","Newaygo County",35.02035
"43.53125_-86.34375",275307,26,26127,"MI","Oceana County",35.02035
"43.53125_-86.40625",275306,26,26127,"MI","Oceana County",35.02035
"43.53125_-86.46875",275305,26,26127,"MI","Oceana County",35.02035
"43.59375_-116.78125",275748,16,16027,"ID","Canyon County",34.98404
"43.59375_-116.84375",275747,16,16027,"ID","Canyon County",34.98404
"43.59375_-86.28125",276236,26,26127,"MI","Oceana County",34.98404
"43.59375_-86.34375",276235,26,26127,"MI","Oceana County",34.98404
"43.59375_-86.40625",276234,26,26127,"MI","Oceana County",34.98404
"43.59375_-86.46875",276233,26,26127,"MI","Oceana County",34.98404
"43.65625_-116.84375",276675,16,16027,"ID","Canyon County",34.94768
"43.65625_-86.34375",277163,26,26127,"MI","Oceana County",34.94768
"43.65625_-86.40625",277162,26,26127,"MI","Oceana County",34.94768
"43.65625_-86.46875",277161,26,26127,"MI","Oceana County",34.94768
"43.71875_-70.84375",278339,23,23031,"ME","York County",34.91129
"43.71875_-86.09375",278095,26,26127,"MI","Oceana County",34.91129
"43.71875_-86.15625",278094,26,26127,"MI","Oceana County",34.91129
"43.71875_-86.28125",278092,26,26127,"MI","Oceana County",34.91129
"43.71875_-86.34375",278091,26,26127,"MI","Oceana County",34.91129
"43.71875_-86.40625",278090,26,26127,"MI","Oceana County",34.91129
"43.84375_-86.03125",279952,26,26085,"MI","Lake County",34.83837
"43.84375_-86.28125",279948,26,26105,"MI","Mason County",34.83837
"43.84375_-86.34375",279947,26,26105,"MI","Mason County",34.83837
"43.84375_-86.40625",279946,26,26105,"MI","Mason County",34.83837
"43.90625_-86.28125",280876,26,26105,"MI","Mason County",34.80185
"43.90625_-86.34375",280875,26,26105,"MI","Mason County",34.80185
"43.90625_-86.40625",280874,26,26105,"MI","Mason County",34.80185
"43.96875_-116.90625",281314,16,16075,"ID","Payette County",34.76529
"44.09375_-91.53125",283576,55,55121,"WI","Trempealeau County",34.69205
"44.15625_-70.28125",284844,23,23001,"ME","Androscoggin County",34.65536
"44.28125_-69.96875",286705,23,23011,"ME","Kennebec County",34.58187
"44.28125_-70.03125",286704,23,23011,"ME","Kennebec County",34.58187
"44.34375_-69.84375",287635,23,23011,"ME","Kennebec County",34.54506
"44.40625_-69.84375",288563,23,23011,"ME","Kennebec County",34.50821
"44.40625_-86.15625",288302,26,26101,"MI","Manistee County",34.50821
"44.40625_-86.21875",288301,26,26101,"MI","Manistee County",34.50821
"44.46875_-86.15625",289230,26,26101,"MI","Manistee County",34.47132
"44.46875_-86.21875",289229,26,26101,"MI","Manistee County",34.47132
"44.53125_-86.09375",290159,26,26019,"MI","Benzie County",34.43438
"44.53125_-86.15625",290158,26,26019,"MI","Benzie County",34.43438
"44.59375_-86.15625",291086,26,26019,"MI","Benzie County",34.39741
"44.65625_-86.03125",292016,26,26019,"MI","Benzie County",34.3604
"44.78125_-72.96875",294081,50,50011,"VT","Franklin County",34.28625
"44.84375_-73.40625",295002,36,36019,"NY","Clinton County",34.24911
"44.90625_-73.40625",295930,36,36019,"NY","Clinton County",34.21193
"44.90625_-85.53125",295736,26,26055,"MI","Grand Traverse County",34.21193
"45.03125_-85.65625",297590,26,26089,"MI","Leelanau County",34.13746
"45.03125_-85.71875",297589,26,26089,"MI","Leelanau County",34.13746
"45.15625_-121.28125",298876,41,41065,"OR","Wasco County",34.06282
"45.15625_-85.65625",299446,26,26000,"MI",,34.06282
"45.46875_-121.59375",303511,41,41027,"OR","Hood River County",33.87551
"45.53125_-121.53125",304440,41,41027,"OR","Hood River County",33.83793
"45.53125_-121.59375",304439,41,41027,"OR","Hood River County",33.83793
"45.59375_-121.53125",305368,41,41027,"OR","Hood River County",33.80031
"45.59375_-121.65625",305366,41,41027,"OR","Hood River County",33.80031
"45.65625_-121.46875",306297,41,41027,"OR","Hood River County",33.76265
"45.65625_-121.53125",306296,41,41027,"OR","Hood River County",33.76265
"45.65625_-121.59375",306295,41,41027,"OR","Hood River County",33.76265
"45.71875_-120.21875",307245,41,41021,"OR","Gilliam County",33.72494
"45.71875_-120.28125",307244,41,41021,"OR","Gilliam County",33.72494
"45.71875_-121.53125",307224,41,41027,"OR","Hood River County",33.72494
"45.71875_-121.59375",307223,53,53059,"WA","Skamania County",33.72494
"45.78125_-121.53125",308152,53,53039,"WA","Klickitat County",33.6872
"45.84375_-119.84375",309107,41,41049,"OR","Morrow County",33.64942
"45.84375_-119.90625",309106,53,53039,"WA","Klickitat County",33.64942
"45.84375_-121.46875",309081,53,53039,"WA","Klickitat County",33.64942
"45.90625_-119.40625",310042,41,41059,"OR","Umatilla County",33.61159
"45.90625_-119.71875",310037,53,53005,"WA","Benton County",33.61159
"45.90625_-119.78125",310036,53,53005,"WA","Benton County",33.61159
"45.90625_-119.84375",310035,53,53005,"WA","Benton County",33.61159
"45.90625_-119.90625",310034,53,53039,"WA","Klickitat County",33.61159
"45.96875_-118.34375",310987,41,41059,"OR","Umatilla County",33.57373
"45.96875_-118.40625",310986,41,41059,"OR","Umatilla County",33.57373
"45.96875_-118.46875",310985,41,41059,"OR","Umatilla County",33.57373
"45.96875_-119.09375",310975,53,53005,"WA","Benton County",33.57373
"45.96875_-119.46875",310969,53,53005,"WA","Benton County",33.57373
"45.96875_-119.59375",310967,53,53005,"WA","Benton County",33.57373
"45.96875_-119.84375",310963,53,53005,"WA","Benton County",33.57373
"45.96875_-119.90625",310962,53,53039,"WA","Klickitat County",33.57373
"46.03125_-118.34375",311915,53,53071,"WA","Walla Walla County",33.53583
"46.03125_-118.40625",311914,53,53071,"WA","Walla Walla County",33.53583
"46.09375_-118.78125",312836,53,53071,"WA","Walla Walla County",33.49788
"46.09375_-118.84375",312835,53,53071,"WA","Walla Walla County",33.49788
"46.09375_-118.90625",312834,53,53071,"WA","Walla Walla County",33.49788
"46.09375_-118.96875",312833,53,53005,"WA","Benton County",33.49788
"46.09375_-119.03125",312832,53,53005,"WA","Benton County",33.49788
"46.15625_-118.78125",313764,53,53071,"WA","Walla Walla County",33.4599
"46.15625_-118.84375",313763,53,53071,"WA","Walla Walla County",33.4599
"46.15625_-118.90625",313762,53,53071,"WA","Walla Walla County",33.4599
"46.15625_-119.03125",313760,53,53005,"WA","Benton County",33.4599
"46.15625_-119.09375",313759,53,53005,"WA","Benton County",33.4599
"46.21875_-118.78125",314692,53,53071,"WA","Walla Walla County",33.42188
"46.21875_-118.84375",314691,53,53071,"WA","Walla Walla County",33.42188
"46.21875_-118.90625",314690,53,53071,"WA","Walla Walla County",33.42188
"46.21875_-118.96875",314689,53,53071,"WA","Walla Walla County",33.42188
"46.21875_-119.03125",314688,53,53021,"WA","Franklin County",33.42188
"46.21875_-119.21875",314685,53,53005,"WA","Benton County",33.42188
"46.21875_-119.28125",314684,53,53005,"WA","Benton County",33.42188
"46.21875_-119.34375",314683,53,53005,"WA","Benton County",33.42188
"46.21875_-119.40625",314682,53,53005,"WA","Benton County",33.42188
"46.21875_-119.46875",314681,53,53005,"WA","Benton County",33.42188
"46.21875_-119.65625",314678,53,53005,"WA","Benton County",33.42188
"46.21875_-119.71875",314677,53,53005,"WA","Benton County",33.42188
"46.21875_-119.78125",314676,53,53005,"WA","Benton County",33.42188
"46.21875_-119.84375",314675,53,53005,"WA","Benton County",33.42188
"46.21875_-119.90625",314674,53,53077,"WA","Yakima County",33.42188
"46.21875_-119.96875",314673,53,53077,"WA","Yakima County",33.42188
"46.21875_-120.03125",314672,53,53077,"WA","Yakima County",33.42188
"46.21875_-120.09375",314671,53,53077,"WA","Yakima County",33.42188
"46.21875_-120.15625",314670,53,53077,"WA","Yakima County",33.42188
"46.28125_-117.90625",315634,53,53013,"WA","Columbia County",33.38382
"46.28125_-118.78125",315620,53,53071,"WA","Walla Walla County",33.38382
"46.28125_-118.84375",315619,53,53021,"WA","Franklin County",33.38382
"46.28125_-118.90625",315618,53,53021,"WA","Franklin County",33.38382
"46.28125_-118.96875",315617,53,53021,"WA","Franklin County",33.38382
"46.28125_-119.21875",315613,53,53021,"WA","Franklin County",33.38382
"46.28125_-119.28125",315612,53,53005,"WA","Benton County",33.38382
"46.28125_-119.34375",315611,53,53005,"WA","Benton County",33.38382
"46.28125_-119.40625",315610,53,53005,"WA","Benton County",33.38382
"46.28125_-119.46875",315609,53,53005,"WA","Benton County",33.38382
"46.28125_-119.53125",315608,53,53005,"WA","Benton County",33.38382
"46.28125_-119.59375",315607,53,53005,"WA","Benton County",33.38382
"46.28125_-119.65625",315606,53,53005,"WA","Benton County",33.38382
"46.28125_-119.71875",315605,53,53005,"WA","Benton County",33.38382
"46.28125_-119.78125",315604,53,53005,"WA","Benton County",33.38382
"46.28125_-119.84375",315603,53,53005,"WA","Benton County",33.38382
"46.28125_-119.90625",315602,53,53077,"WA","Yakima County",33.38382
"46.28125_-119.96875",315601,53,53077,"WA","Yakima County",33.38382
"46.28125_-120.03125",315600,53,53077,"WA","Yakima County",33.38382
"46.28125_-120.09375",315599,53,53077,"WA","Yakima County",33.38382
"46.28125_-120.15625",315598,53,53077,"WA","Yakima County",33.38382
"46.28125_-120.21875",315597,53,53077,"WA","Yakima County",33.38382
"46.28125_-120.40625",315594,53,53077,"WA","Yakima County",33.38382
"46.28125_-120.59375",315591,53,53077,"WA","Yakima County",33.38382
"46.28125_-120.65625",315590,53,53077,"WA","Yakima County",33.38382
"46.34375_-118.65625",316550,53,53071,"WA","Walla Walla County",33.34571
"46.34375_-118.71875",316549,53,53071,"WA","Walla Walla County",33.34571
"46.34375_-118.78125",316548,53,53021,"WA","Franklin County",33.34571
"46.34375_-119.09375",316543,53,53021,"WA","Franklin County",33.34571
"46.34375_-119.15625",316542,53,53021,"WA","Franklin County",33.34571
"46.34375_-119.21875",316541,53,53021,"WA","Franklin County",33.34571
"46.34375_-119.28125",316540,53,53005,"WA","Benton County",33.34571
"46.34375_-119.34375",316539,53,53005,"WA","Benton County",33.34571
"46.34375_-119.40625",316538,53,53005,"WA","Benton County",33.34571
"46.34375_-119.53125",316536,53,53005,"WA","Benton County",33.34571
"46.34375_-119.59375",316535,53,53005,"WA","Benton County",33.34571
"46.34375_-119.90625",316530,53,53077,"WA","Yakima County",33.34571
"46.34375_-119.96875",316529,53,53077,"WA","Yakima County",33.34571
"46.34375_-120.03125",316528,53,53077,"WA","Yakima County",33.34571
"46.34375_-120.09375",316527,53,53077,"WA","Yakima County",33.34571
"46.34375_-120.15625",316526,53,53077,"WA","Yakima County",33.34571
"46.34375_-120.21875",316525,53,53077,"WA","Yakima County",33.34571
"46.34375_-120.28125",316524,53,53077,"WA","Yakima County",33.34571
"46.34375_-120.34375",316523,53,53077,"WA","Yakima County",33.34571
"46.34375_-120.40625",316522,53,53077,"WA","Yakima County",33.34571
"46.34375_-120.46875",316521,53,53077,"WA","Yakima County",33.34571
"46.34375_-120.53125",316520,53,53077,"WA","Yakima County",33.34571
"46.34375_-120.59375",316519,53,53077,"WA","Yakima County",33.34571
"46.34375_-120.65625",316518,53,53077,"WA","Yakima County",33.34571
"46.40625_-118.59375",317479,53,53071,"WA","Walla Walla County",33.30757
"46.40625_-118.65625",317478,53,53021,"WA","Franklin County",33.30757
"46.40625_-118.71875",317477,53,53021,"WA","Franklin County",33.30757
"46.40625_-118.78125",317476,53,53021,"WA","Franklin County",33.30757
"46.40625_-119.09375",317471,53,53021,"WA","Franklin County",33.30757
"46.40625_-119.15625",317470,53,53021,"WA","Franklin County",33.30757
"46.40625_-119.21875",317469,53,53021,"WA","Franklin County",33.30757
"46.40625_-119.28125",317468,53,53005,"WA","Benton County",33.30757
"46.40625_-119.96875",317457,53,53077,"WA","Yakima County",33.30757
"46.40625_-120.03125",317456,53,53077,"WA","Yakima County",33.30757
"46.40625_-120.09375",317455,53,53077,"WA","Yakima County",33.30757
"46.40625_-120.15625",317454,53,53077,"WA","Yakima County",33.30757
"46.40625_-120.21875",317453,53,53077,"WA","Yakima County",33.30757
"46.40625_-120.28125",317452,53,53077,"WA","Yakima County",33.30757
"46.40625_-120.34375",317451,53,53077,"WA","Yakima County",33.30757
"46.40625_-120.40625",317450,53,53077,"WA","Yakima County",33.30757
"46.40625_-120.46875",317449,53,53077,"WA","Yakima County",33.30757
"46.40625_-120.53125",317448,53,53077,"WA","Yakima County",33.30757
"46.40625_-120.59375",317447,53,53077,"WA","Yakima County",33.30757
"46.40625_-120.65625",317446,53,53077,"WA","Yakima County",33.30757
"46.40625_-120.71875",317445,53,53077,"WA","Yakima County",33.30757
"46.46875_-119.09375",318399,53,53021,"WA","Franklin County",33.26939
"46.46875_-119.15625",318398,53,53021,"WA","Franklin County",33.26939
"46.46875_-119.21875",318397,53,53021,"WA","Franklin County",33.26939
"46.46875_-120.09375",318383,53,53077,"WA","Yakima County",33.26939
"46.46875_-120.21875",318381,53,53077,"WA","Yakima County",33.26939
"46.46875_-120.28125",318380,53,53077,"WA","Yakima County",33.26939
"46.46875_-120.34375",318379,53,53077,"WA","Yakima County",33.26939
"46.46875_-120.40625",318378,53,53077,"WA","Yakima County",33.26939
"46.46875_-120.46875",318377,53,53077,"WA","Yakima County",33.26939
"46.46875_-120.53125",318376,53,53077,"WA","Yakima County",33.26939
"46.46875_-120.59375",318375,53,53077,"WA","Yakima County",33.26939
"46.46875_-120.65625",318374,53,53077,"WA","Yakima County",33.26939
"46.53125_-119.03125",319328,53,53021,"WA","Franklin County",33.23117
"46.53125_-119.09375",319327,53,53021,"WA","Franklin County",33.23117
"46.53125_-119.15625",319326,53,53021,"WA","Franklin County",33.23117
"46.53125_-119.21875",319325,53,53021,"WA","Franklin County",33.23117
"46.53125_-119.28125",319324,53,53021,"WA","Franklin County",33.23117
"46.53125_-119.78125",319316,53,53005,"WA","Benton County",33.23117
"46.53125_-119.84375",319315,53,53005,"WA","Benton County",33.23117
"46.53125_-120.09375",319311,53,53077,"WA","Yakima County",33.23117
"46.53125_-120.15625",319310,53,53077,"WA","Yakima County",33.23117
"46.53125_-120.21875",319309,53,53077,"WA","Yakima County",33.23117
"46.53125_-120.28125",319308,53,53077,"WA","Yakima County",33.23117
"46.53125_-120.34375",319307,53,53077,"WA","Yakima County",33.23117
"46.53125_-120.40625",319306,53,53077,"WA","Yakima County",33.23117
"46.53125_-120.46875",319305,53,53077,"WA","Yakima County",33.23117
"46.53125_-120.53125",319304,53,53077,"WA","Yakima County",33.23117
"46.53125_-120.59375",319303,53,53077,"WA","Yakima County",33.23117
"46.53125_-120.65625",319302,53,53077,"WA","Yakima County",33.23117
"46.53125_-120.71875",319301,53,53077,"WA","Yakima County",33.23117
"46.53125_-120.78125",319300,53,53077,"WA","Yakima County",33.23117
"46.53125_-120.84375",319299,53,53077,"WA","Yakima County",33.23117
"46.59375_-119.03125",320256,53,53021,"WA","Franklin County",33.19291
"46.59375_-119.09375",320255,53,53021,"WA","Franklin County",33.19291
"46.59375_-119.15625",320254,53,53021,"WA","Franklin County",33.19291
"46.59375_-119.21875",320253,53,53021,"WA","Franklin County",33.19291
"46.59375_-119.28125",320252,53,53021,"WA","Franklin County",33.19291
"46.59375_-120.34375",320235,53,53077,"WA","Yakima County",33.19291
"46.59375_-120.40625",320234,53,53077,"WA","Yakima County",33.19291
"46.59375_-120.46875",320233,53,53077,"WA","Yakima County",33.19291
"46.59375_-120.53125",320232,53,53077,"WA","Yakima County",33.19291
"46.59375_-120.59375",320231,53,53077,"WA","Yakima County",33.19291
"46.59375_-120.65625",320230,53,53077,"WA","Yakima County",33.19291
"46.59375_-120.71875",320229,53,53077,"WA","Yakima County",33.19291
"46.59375_-120.78125",320228,53,53077,"WA","Yakima County",33.19291
"46.65625_-119.09375",321183,53,53021,"WA","Franklin County",33.15461
"46.65625_-119.15625",321182,53,53021,"WA","Franklin County",33.15461
"46.65625_-119.21875",321181,53,53021,"WA","Franklin County",33.15461
"46.65625_-119.28125",321180,53,53021,"WA","Franklin County",33.15461
"46.65625_-119.34375",321179,53,53021,"WA","Franklin County",33.15461
"46.65625_-119.78125",321172,53,53025,"WA","Grant County",33.15461
"46.65625_-119.84375",321171,53,53025,"WA","Grant County",33.15461
"46.65625_-119.90625",321170,53,53025,"WA","Grant County",33.15461
"46.65625_-120.46875",321161,53,53077,"WA","Yakima County",33.15461
"46.65625_-120.53125",321160,53,53077,"WA","Yakima County",33.15461
"46.65625_-120.59375",321159,53,53077,"WA","Yakima County",33.15461
"46.65625_-120.65625",321158,53,53077,"WA","Yakima County",33.15461
"46.65625_-120.71875",321157,53,53077,"WA","Yakima County",33.15461
"46.65625_-120.78125",321156,53,53077,"WA","Yakima County",33.15461
"46.71875_-119.03125",322112,53,53021,"WA","Franklin County",33.11627
"46.71875_-119.09375",322111,53,53021,"WA","Franklin County",33.11627
"46.71875_-119.15625",322110,53,53021,"WA","Franklin County",33.11627
"46.71875_-119.21875",322109,53,53021,"WA","Franklin County",33.11627
"46.71875_-119.28125",322108,53,53021,"WA","Franklin County",33.11627
"46.71875_-119.65625",322102,53,53025,"WA","Grant County",33.11627
"46.71875_-119.71875",322101,53,53025,"WA","Grant County",33.11627
"46.71875_-119.78125",322100,53,53025,"WA","Grant County",33.11627
"46.71875_-119.84375",322099,53,53025,"WA","Grant County",33.11627
"46.71875_-119.90625",322098,53,53025,"WA","Grant County",33.11627
"46.71875_-120.46875",322089,53,53077,"WA","Yakima County",33.11627
"46.71875_-120.53125",322088,53,53077,"WA","Yakima County",33.11627
"46.71875_-120.59375",322087,53,53077,"WA","Yakima County",33.11627
"46.71875_-120.65625",322086,53,53077,"WA","Yakima County",33.11627
"46.71875_-120.71875",322085,53,53077,"WA","Yakima County",33.11627
"46.71875_-120.78125",322084,53,53077,"WA","Yakima County",33.11627
"46.78125_-119.09375",323039,53,53001,"WA","Adams County",33.07789
"46.78125_-119.15625",323038,53,53001,"WA","Adams County",33.07789
"46.78125_-119.21875",323037,53,53001,"WA","Adams County",33.07789
"46.78125_-119.28125",323036,53,53001,"WA","Adams County",33.07789
"46.78125_-119.34375",323035,53,53001,"WA","Adams County",33.07789
"46.78125_-119.59375",323031,53,53025,"WA","Grant County",33.07789
"46.78125_-119.65625",323030,53,53025,"WA","Grant County",33.07789
"46.78125_-119.71875",323029,53,53025,"WA","Grant County",33.07789
"46.78125_-119.84375",323027,53,53025,"WA","Grant County",33.07789
"46.78125_-119.90625",323026,53,53025,"WA","Grant County",33.07789
"46.78125_-119.96875",323025,53,53037,"WA","Kittitas County",33.07789
"46.78125_-120.40625",323018,53,53037,"WA","Kittitas County",33.07789
"46.84375_-119.28125",323964,53,53001,"WA","Adams County",33.03947
"46.84375_-119.40625",323962,53,53025,"WA","Grant County",33.03947
"46.84375_-119.46875",323961,53,53025,"WA","Grant County",33.03947
"46.84375_-119.53125",323960,53,53025,"WA","Grant County",33.03947
"46.84375_-119.59375",323959,53,53025,"WA","Grant County",33.03947
"46.84375_-119.78125",323956,53,53025,"WA","Grant County",33.03947
"46.84375_-119.90625",323954,53,53025,"WA","Grant County",33.03947
"46.84375_-119.96875",323953,53,53037,"WA","Kittitas County",33.03947
"46.90625_-119.34375",324891,53,53001,"WA","Adams County",33.00101
"46.90625_-119.40625",324890,53,53025,"WA","Grant County",33.00101
"46.90625_-119.46875",324889,53,53025,"WA","Grant County",33.00101
"46.90625_-119.53125",324888,53,53025,"WA","Grant County",33.00101
"46.90625_-119.59375",324887,53,53025,"WA","Grant County",33.00101
"46.90625_-119.65625",324886,53,53025,"WA","Grant County",33.00101
"46.90625_-119.71875",324885,53,53025,"WA","Grant County",33.00101
"46.90625_-119.78125",324884,53,53025,"WA","Grant County",33.00101
"46.90625_-119.84375",324883,53,53025,"WA","Grant County",33.00101
"46.90625_-119.90625",324882,53,53025,"WA","Grant County",33.00101
"46.90625_-120.40625",324874,53,53037,"WA","Kittitas County",33.00101
"46.90625_-120.46875",324873,53,53037,"WA","Kittitas County",33.00101
"46.96875_-119.09375",325823,53,53025,"WA","Grant County",32.96252
"46.96875_-119.28125",325820,53,53025,"WA","Grant County",32.96252
"46.96875_-119.34375",325819,53,53025,"WA","Grant County",32.96252
"46.96875_-119.40625",325818,53,53025,"WA","Grant County",32.96252
"46.96875_-119.46875",325817,53,53025,"WA","Grant County",32.96252
"46.96875_-119.53125",325816,53,53025,"WA","Grant County",32.96252
"46.96875_-119.59375",325815,53,53025,"WA","Grant County",32.96252
"46.96875_-119.65625",325814,53,53025,"WA","Grant County",32.96252
"46.96875_-119.71875",325813,53,53025,"WA","Grant County",32.96252
"46.96875_-119.78125",325812,53,53025,"WA","Grant County",32.96252
"46.96875_-119.84375",325811,53,53025,"WA","Grant County",32.96252
"46.96875_-119.90625",325810,53,53025,"WA","Grant County",32.96252
"46.96875_-120.40625",325802,53,53037,"WA","Kittitas County",32.96252
"46.96875_-120.53125",325800,53,53037,"WA","Kittitas County",32.96252
"47.03125_-119.03125",326752,53,53025,"WA","Grant County",32.92398
"47.03125_-119.09375",326751,53,53025,"WA","Grant County",32.92398
"47.03125_-119.78125",326740,53,53025,"WA","Grant County",32.92398
"47.03125_-119.84375",326739,53,53025,"WA","Grant County",32.92398
"47.03125_-119.90625",326738,53,53025,"WA","Grant County",32.92398
"47.03125_-120.34375",326731,53,53037,"WA","Kittitas County",32.92398
"47.03125_-120.65625",326726,53,53037,"WA","Kittitas County",32.92398
"47.09375_-119.09375",327679,53,53025,"WA","Grant County",32.88541
"47.09375_-119.15625",327678,53,53025,"WA","Grant County",32.88541
"47.09375_-119.21875",327677,53,53025,"WA","Grant County",32.88541
"47.09375_-119.28125",327676,53,53025,"WA","Grant County",32.88541
"47.09375_-119.40625",327674,53,53025,"WA","Grant County",32.88541
"47.09375_-119.59375",327671,53,53025,"WA","Grant County",32.88541
"47.09375_-119.71875",327669,53,53025,"WA","Grant County",32.88541
"47.09375_-119.78125",327668,53,53025,"WA","Grant County",32.88541
"47.09375_-119.84375",327667,53,53025,"WA","Grant County",32.88541
"47.09375_-119.90625",327666,53,53025,"WA","Grant County",32.88541
"47.09375_-119.96875",327665,53,53025,"WA","Grant County",32.88541
"47.15625_-119.21875",328605,53,53025,"WA","Grant County",32.84679
"47.15625_-119.28125",328604,53,53025,"WA","Grant County",32.84679
"47.15625_-119.40625",328602,53,53025,"WA","Grant County",32.84679
"47.15625_-119.46875",328601,53,53025,"WA","Grant County",32.84679
"47.15625_-119.53125",328600,53,53025,"WA","Grant County",32.84679
"47.15625_-119.59375",328599,53,53025,"WA","Grant County",32.84679
"47.15625_-119.65625",328598,53,53025,"WA","Grant County",32.84679
"47.15625_-119.78125",328596,53,53025,"WA","Grant County",32.84679
"47.15625_-119.84375",328595,53,53025,"WA","Grant County",32.84679
"47.15625_-119.90625",328594,53,53025,"WA","Grant County",32.84679
"47.15625_-119.96875",328593,53,53025,"WA","Grant County",32.84679
"47.21875_-119.28125",329532,53,53025,"WA","Grant County",32.80814
"47.21875_-119.53125",329528,53,53025,"WA","Grant County",32.80814
"47.21875_-119.59375",329527,53,53025,"WA","Grant County",32.80814
"47.21875_-119.65625",329526,53,53025,"WA","Grant County",32.80814
"47.21875_-119.71875",329525,53,53025,"WA","Grant County",32.80814
"47.21875_-119.78125",329524,53,53025,"WA","Grant County",32.80814
"47.21875_-119.84375",329523,53,53025,"WA","Grant County",32.80814
"47.21875_-119.90625",329522,53,53025,"WA","Grant County",32.80814
"47.21875_-119.96875",329521,53,53025,"WA","Grant County",32.80814
"47.21875_-120.09375",329519,53,53037,"WA","Kittitas County",32.80814
"47.28125_-119.28125",330460,53,53025,"WA","Grant County",32.76945
"47.28125_-119.59375",330455,53,53025,"WA","Grant County",32.76945
"47.28125_-119.65625",330454,53,53025,"WA","Grant County",32.76945
"47.28125_-119.71875",330453,53,53025,"WA","Grant County",32.76945
"47.28125_-119.78125",330452,53,53025,"WA","Grant County",32.76945
"47.28125_-119.84375",330451,53,53025,"WA","Grant County",32.76945
"47.28125_-119.90625",330450,53,53025,"WA","Grant County",32.76945
"47.28125_-119.96875",330449,53,53025,"WA","Grant County",32.76945
"47.28125_-120.09375",330447,53,53007,"WA","Chelan County",32.76945
"47.34375_-119.53125",331384,53,53025,"WA","Grant County",32.73071
"47.34375_-120.03125",331376,53,53017,"WA","Douglas County",32.73071
"47.34375_-120.09375",331375,53,53017,"WA","Douglas County",32.73071
"47.34375_-120.15625",331374,53,53007,"WA","Chelan County",32.73071
"47.34375_-120.21875",331373,53,53007,"WA","Chelan County",32.73071
"47.34375_-120.28125",331372,53,53007,"WA","Chelan County",32.73071
"47.40625_-119.53125",332312,53,53025,"WA","Grant County",32.69194
"47.40625_-119.90625",332306,53,53017,"WA","Douglas County",32.69194
"47.40625_-120.15625",332302,53,53017,"WA","Douglas County",32.69194
"47.40625_-120.21875",332301,53,53017,"WA","Douglas County",32.69194
"47.40625_-120.28125",332300,53,53017,"WA","Douglas County",32.69194
"47.40625_-120.34375",332299,53,53007,"WA","Chelan County",32.69194
"47.46875_-120.28125",333228,53,53017,"WA","Douglas County",32.65313
"47.46875_-120.34375",333227,53,53007,"WA","Chelan County",32.65313
"47.46875_-120.40625",333226,53,53007,"WA","Chelan County",32.65313
"47.46875_-120.46875",333225,53,53007,"WA","Chelan County",32.65313
"47.53125_-120.28125",334156,53,53017,"WA","Douglas County",32.61429
"47.53125_-120.40625",334154,53,53007,"WA","Chelan County",32.61429
"47.53125_-120.46875",334153,53,53007,"WA","Chelan County",32.61429
"47.53125_-120.53125",334152,53,53007,"WA","Chelan County",32.61429
"47.53125_-120.59375",334151,53,53007,"WA","Chelan County",32.61429
"47.59375_-120.21875",335085,53,53017,"WA","Douglas County",32.5754
"47.59375_-120.59375",335079,53,53007,"WA","Chelan County",32.5754
"47.59375_-120.65625",335078,53,53007,"WA","Chelan County",32.5754
"47.65625_-120.21875",336013,53,53007,"WA","Chelan County",32.53647
"47.65625_-120.28125",336012,53,53007,"WA","Chelan County",32.53647
"47.71875_-120.15625",336942,53,53017,"WA","Douglas County",32.49751
"47.71875_-120.21875",336941,53,53007,"WA","Chelan County",32.49751
"47.71875_-120.34375",336939,53,53007,"WA","Chelan County",32.49751
"47.78125_-119.96875",337873,53,53017,"WA","Douglas County",32.45851
"47.78125_-120.03125",337872,53,53007,"WA","Chelan County",32.45851
"47.78125_-120.09375",337871,53,53007,"WA","Chelan County",32.45851
"47.78125_-120.15625",337870,53,53007,"WA","Chelan County",32.45851
"47.84375_-119.90625",338802,53,53017,"WA","Douglas County",32.41946
"47.84375_-119.96875",338801,53,53007,"WA","Chelan County",32.41946
"47.84375_-120.03125",338800,53,53007,"WA","Chelan County",32.41946
"47.84375_-120.09375",338799,53,53007,"WA","Chelan County",32.41946
"47.84375_-120.21875",338797,53,53007,"WA","Chelan County",32.41946
"47.90625_-119.90625",339730,53,53007,"WA","Chelan County",32.38038
"47.90625_-119.96875",339729,53,53007,"WA","Chelan County",32.38038
"47.90625_-120.09375",339727,53,53007,"WA","Chelan County",32.38038
"47.90625_-120.15625",339726,53,53007,"WA","Chelan County",32.38038
"47.90625_-120.21875",339725,53,53007,"WA","Chelan County",32.38038
"47.90625_-122.03125",339696,53,53061,"WA","Snohomish County",32.38038
"47.90625_-122.09375",339695,53,53061,"WA","Snohomish County",32.38038
"47.96875_-119.65625",340662,53,53017,"WA","Douglas County",32.34126
"47.96875_-119.90625",340658,53,53047,"WA","Okanogan County",32.34126
"47.96875_-122.15625",340622,53,53061,"WA","Snohomish County",32.34126
"48.03125_-119.53125",341592,53,53017,"WA","Douglas County",32.30211
"48.03125_-119.59375",341591,53,53047,"WA","Okanogan County",32.30211
"48.03125_-119.65625",341590,53,53047,"WA","Okanogan County",32.30211
"48.03125_-119.71875",341589,53,53017,"WA","Douglas County",32.30211
"48.03125_-119.78125",341588,53,53017,"WA","Douglas County",32.30211
"48.03125_-119.84375",341587,53,53017,"WA","Douglas County",32.30211
"48.03125_-119.90625",341586,53,53047,"WA","Okanogan County",32.30211
"48.03125_-119.96875",341585,53,53047,"WA","Okanogan County",32.30211
"48.09375_-119.53125",342520,53,53047,"WA","Okanogan County",32.26291
"48.09375_-119.59375",342519,53,53047,"WA","Okanogan County",32.26291
"48.09375_-119.65625",342518,53,53047,"WA","Okanogan County",32.26291
"48.09375_-119.71875",342517,53,53047,"WA","Okanogan County",32.26291
"48.09375_-119.78125",342516,53,53047,"WA","Okanogan County",32.26291
"48.09375_-119.84375",342515,53,53047,"WA","Okanogan County",32.26291
"48.09375_-119.90625",342514,53,53047,"WA","Okanogan County",32.26291
"48.09375_-119.96875",342513,53,53047,"WA","Okanogan County",32.26291
"48.09375_-120.03125",342512,53,53047,"WA","Okanogan County",32.26291
"48.15625_-119.65625",343446,53,53047,"WA","Okanogan County",32.22368
"48.15625_-119.71875",343445,53,53047,"WA","Okanogan County",32.22368
"48.15625_-119.78125",343444,53,53047,"WA","Okanogan County",32.22368
"48.15625_-120.03125",343440,53,53047,"WA","Okanogan County",32.22368
"48.21875_-119.71875",344373,53,53047,"WA","Okanogan County",32.1844
"48.28125_-119.65625",345302,53,53047,"WA","Okanogan County",32.14509
"48.28125_-119.71875",345301,53,53047,"WA","Okanogan County",32.14509
"48.34375_-119.59375",346231,53,53047,"WA","Okanogan County",32.10574
"48.34375_-119.65625",346230,53,53047,"WA","Okanogan County",32.10574
"48.34375_-119.71875",346229,53,53047,"WA","Okanogan County",32.10574
"48.40625_-119.46875",347161,53,53047,"WA","Okanogan County",32.06636
"48.40625_-119.53125",347160,53,53047,"WA","Okanogan County",32.06636
"48.40625_-119.59375",347159,53,53047,"WA","Okanogan County",32.06636
"48.40625_-120.15625",347150,53,53047,"WA","Okanogan County",32.06636
"48.46875_-119.46875",348089,53,53047,"WA","Okanogan County",32.02693
"48.46875_-119.53125",348088,53,53047,"WA","Okanogan County",32.02693
"48.46875_-119.59375",348087,53,53047,"WA","Okanogan County",32.02693
"48.65625_-119.46875",350873,53,53047,"WA","Okanogan County",31.90843
"48.65625_-119.53125",350872,53,53047,"WA","Okanogan County",31.90843
"48.71875_-119.40625",351802,53,53047,"WA","Okanogan County",31.86885
"48.71875_-119.46875",351801,53,53047,"WA","Okanogan County",31.86885
"48.78125_-119.40625",352730,53,53047,"WA","Okanogan County",31.82923
"48.78125_-119.46875",352729,53,53047,"WA","Okanogan County",31.82923
"48.78125_-119.53125",352728,53,53047,"WA","Okanogan County",31.82923
"48.78125_-119.65625",352726,53,53047,"WA","Okanogan County",31.82923
"48.84375_-119.40625",353658,53,53047,"WA","Okanogan County",31.78958
"48.84375_-119.53125",353656,53,53047,"WA","Okanogan County",31.78958
"48.84375_-119.59375",353655,53,53047,"WA","Okanogan County",31.78958
"48.90625_-119.40625",354586,53,53047,"WA","Okanogan County",31.74989
"48.90625_-119.46875",354585,53,53047,"WA","Okanogan County",31.74989
"48.90625_-119.59375",354583,53,53047,"WA","Okanogan County",31.74989
"48.96875_-119.40625",355514,53,53047,"WA","Okanogan County",31.71016
"48.96875_-119.46875",355513,53,53047,"WA","Okanogan County",31.71016
