"location","elevation","state_fips","state","lat","long","biofix"
"32.46875_-109.90625",1361,"04","AZ",32.46875,-109.90625,252.85911640625
"32.46875_-109.96875",1326.8,"04","AZ",32.46875,-109.96875,254.04585640625
"35.15625_-118.84375",139.2,"06","CA",35.15625,-118.84375,238.65010765625
"35.21875_-82.34375",644.9,"37","NC",35.21875,-82.34375,219.90209890625
"35.21875_-82.46875",771,"37","NC",35.21875,-82.46875,215.52642890625
"35.28125_-82.34375",611.5,"37","NC",35.28125,-82.34375,219.86614140625
"35.28125_-82.40625",656.3,"37","NC",35.28125,-82.40625,218.31158140625
"35.28125_-82.46875",686.6,"37","NC",35.28125,-82.46875,217.26017140625
"35.34375_-119.21875",104.5,"06","CA",35.34375,-119.21875,236.26938515625
"35.34375_-119.28125",97.9,"06","CA",35.34375,-119.28125,236.49840515625
"35.34375_-119.40625",93.7,"06","CA",35.34375,-119.40625,236.64414515625
"35.34375_-82.15625",314.7,"37","NC",35.34375,-82.15625,228.97544515625
"35.34375_-82.28125",608.7,"37","NC",35.34375,-82.28125,218.77364515625
"35.34375_-82.34375",691.9,"37","NC",35.34375,-82.34375,215.88660515625
"35.34375_-82.40625",669.9,"37","NC",35.34375,-82.40625,216.65000515625
"35.34375_-82.46875",664.3,"37","NC",35.34375,-82.46875,216.84432515625
"35.40625_-119.40625",89.4,"06","CA",35.40625,-119.40625,235.60898015625
"35.40625_-82.28125",804.7,"37","NC",35.40625,-82.28125,210.78807015625
"35.40625_-82.34375",707.7,"37","NC",35.40625,-82.34375,214.15397015625
"35.40625_-82.40625",769.5,"37","NC",35.40625,-82.40625,212.00951015625
"35.40625_-82.46875",714.1,"37","NC",35.40625,-82.46875,213.93189015625
"35.46875_-82.34375",935.7,"37","NC",35.46875,-82.34375,205.06327640625
"35.46875_-82.40625",804.7,"37","NC",35.46875,-82.40625,209.60897640625
"35.46875_-82.46875",699.7,"37","NC",35.46875,-82.46875,213.25247640625
"35.53125_-119.28125",111.4,"06","CA",35.53125,-119.28125,232.49267390625
"35.53125_-82.09375",424.7,"37","NC",35.53125,-82.09375,221.62116390625
"35.53125_-82.40625",778.3,"37","NC",35.53125,-82.40625,209.35124390625
"35.59375_-119.15625",163.8,"06","CA",35.59375,-119.15625,229.50586265625
"35.59375_-119.21875",129,"06","CA",35.59375,-119.21875,230.71342265625
"35.59375_-119.28125",112.6,"06","CA",35.59375,-119.28125,231.28250265625
"35.59375_-119.34375",100,"06","CA",35.59375,-119.34375,231.71972265625
"35.65625_-119.15625",158.6,"06","CA",35.65625,-119.15625,228.52305265625
"35.65625_-119.21875",118.1,"06","CA",35.65625,-119.21875,229.92840265625
"35.65625_-119.28125",105.5,"06","CA",35.65625,-119.28125,230.36562265625
"35.65625_-119.34375",92.9,"06","CA",35.65625,-119.34375,230.80284265625
"35.65625_-120.84375",477.4,"06","CA",35.65625,-120.84375,217.46069265625
"35.71875_-119.21875",107,"06","CA",35.71875,-119.21875,229.15560390625
"35.71875_-119.34375",83.7,"06","CA",35.71875,-119.34375,229.96411390625
"35.84375_-119.09375",150.5,"06","CA",35.84375,-119.09375,225.34606015625
"35.84375_-119.15625",127.8,"06","CA",35.84375,-119.15625,226.13375015625
"35.84375_-119.21875",105.5,"06","CA",35.84375,-119.21875,226.90756015625
"35.90625_-119.15625",120,"06","CA",35.90625,-119.15625,225.26228515625
"35.90625_-119.21875",98.9,"06","CA",35.90625,-119.21875,225.99445515625
"35.90625_-119.28125",83.4,"06","CA",35.90625,-119.28125,226.53230515625
"35.90625_-82.15625",862.7,"37","NC",35.90625,-82.15625,199.49059515625
"35.96875_-119.09375",129.3,"06","CA",35.96875,-119.09375,223.80273140625
"35.96875_-119.15625",112.5,"06","CA",35.96875,-119.15625,224.38569140625
"35.96875_-119.21875",97.6,"06","CA",35.96875,-119.21875,224.90272140625
"35.96875_-119.28125",84.1,"06","CA",35.96875,-119.28125,225.37117140625
"36.03125_-119.09375",126.1,"06","CA",36.03125,-119.09375,222.78220890625
"36.03125_-119.15625",112.1,"06","CA",36.03125,-119.15625,223.26800890625
"36.03125_-119.21875",98.6,"06","CA",36.03125,-119.21875,223.73645890625
"36.03125_-119.34375",78.5,"06","CA",36.03125,-119.34375,224.43392890625
"36.03125_-81.21875",488.3,"37","NC",36.03125,-81.21875,210.21386890625
"36.09375_-119.09375",122.1,"06","CA",36.09375,-119.09375,221.79472765625
"36.09375_-119.15625",111,"06","CA",36.09375,-119.15625,222.17989765625
"36.09375_-119.21875",98.9,"06","CA",36.09375,-119.21875,222.59976765625
"36.09375_-119.34375",78.2,"06","CA",36.09375,-119.34375,223.31805765625
"36.09375_-81.09375",513.3,"37","NC",36.09375,-81.09375,208.22008765625
"36.15625_-119.03125",139.2,"06","CA",36.15625,-119.03125,220.08035765625
"36.15625_-119.09375",117.9,"06","CA",36.15625,-119.09375,220.81946765625
"36.15625_-119.15625",104.9,"06","CA",36.15625,-119.15625,221.27056765625
"36.15625_-119.21875",96,"06","CA",36.15625,-119.21875,221.57939765625
"36.15625_-119.28125",88.3,"06","CA",36.15625,-119.28125,221.84658765625
"36.15625_-119.34375",81,"06","CA",36.15625,-119.34375,222.09989765625
"36.15625_-119.40625",76.2,"06","CA",36.15625,-119.40625,222.26645765625
"36.21875_-119.09375",121.5,"06","CA",36.21875,-119.09375,219.57882890625
"36.21875_-119.15625",104.5,"06","CA",36.21875,-119.15625,220.16872890625
"36.21875_-119.21875",98.3,"06","CA",36.21875,-119.21875,220.38386890625
"36.21875_-119.28125",94.2,"06","CA",36.21875,-119.28125,220.52613890625
"36.21875_-119.34375",89.6,"06","CA",36.21875,-119.34375,220.68575890625
"36.21875_-119.40625",83.4,"06","CA",36.21875,-119.40625,220.90089890625
"36.21875_-119.46875",78,"06","CA",36.21875,-119.46875,221.08827890625
"36.21875_-119.53125",72.5,"06","CA",36.21875,-119.53125,221.27912890625
"36.21875_-119.59375",68.1,"06","CA",36.21875,-119.59375,221.43180890625
"36.21875_-119.71875",63.9,"06","CA",36.21875,-119.71875,221.57754890625
"36.21875_-119.78125",62.8,"06","CA",36.21875,-119.78125,221.61571890625
"36.21875_-119.84375",61.8,"06","CA",36.21875,-119.84375,221.65041890625
"36.28125_-119.09375",179,"06","CA",36.28125,-119.09375,216.47314140625
"36.28125_-119.15625",114.9,"06","CA",36.28125,-119.15625,218.69741140625
"36.28125_-119.21875",108.9,"06","CA",36.28125,-119.21875,218.90561140625
"36.28125_-119.28125",102.5,"06","CA",36.28125,-119.28125,219.12769140625
"36.28125_-119.34375",95.5,"06","CA",36.28125,-119.34375,219.37059140625
"36.28125_-119.40625",88.6,"06","CA",36.28125,-119.40625,219.61002140625
"36.28125_-119.46875",82.1,"06","CA",36.28125,-119.46875,219.83557140625
"36.28125_-119.53125",76.6,"06","CA",36.28125,-119.53125,220.02642140625
"36.28125_-119.59375",73,"06","CA",36.28125,-119.59375,220.15134140625
"36.28125_-119.65625",70.2,"06","CA",36.28125,-119.65625,220.24850140625
"36.28125_-119.71875",68.2,"06","CA",36.28125,-119.71875,220.31790140625
"36.28125_-119.78125",66,"06","CA",36.28125,-119.78125,220.39424140625
"36.28125_-119.84375",62.7,"06","CA",36.28125,-119.84375,220.50875140625
"36.34375_-119.09375",139.5,"06","CA",36.34375,-119.09375,216.73863515625
"36.34375_-119.15625",124.5,"06","CA",36.34375,-119.15625,217.25913515625
"36.34375_-119.21875",114.6,"06","CA",36.34375,-119.21875,217.60266515625
"36.34375_-119.28125",106.6,"06","CA",36.34375,-119.28125,217.88026515625
"36.34375_-119.34375",99.2,"06","CA",36.34375,-119.34375,218.13704515625
"36.34375_-119.40625",90.7,"06","CA",36.34375,-119.40625,218.43199515625
"36.34375_-119.46875",83.7,"06","CA",36.34375,-119.46875,218.67489515625
"36.34375_-119.53125",79.4,"06","CA",36.34375,-119.53125,218.82410515625
"36.34375_-119.59375",78.4,"06","CA",36.34375,-119.59375,218.85880515625
"36.34375_-119.65625",76,"06","CA",36.34375,-119.65625,218.94208515625
"36.34375_-119.71875",71.6,"06","CA",36.34375,-119.71875,219.09476515625
"36.34375_-119.78125",68.4,"06","CA",36.34375,-119.78125,219.20580515625
"36.34375_-119.84375",65.2,"06","CA",36.34375,-119.84375,219.31684515625
"36.40625_-119.09375",149.8,"06","CA",36.40625,-119.09375,215.28135015625
"36.40625_-119.15625",134.9,"06","CA",36.40625,-119.15625,215.79838015625
"36.40625_-119.21875",114.1,"06","CA",36.40625,-119.21875,216.52014015625
"36.40625_-119.28125",104.1,"06","CA",36.40625,-119.28125,216.86714015625
"36.40625_-119.34375",96.8,"06","CA",36.40625,-119.34375,217.12045015625
"36.40625_-119.40625",90.7,"06","CA",36.40625,-119.40625,217.33212015625
"36.40625_-119.46875",85.4,"06","CA",36.40625,-119.46875,217.51603015625
"36.40625_-119.53125",83.4,"06","CA",36.40625,-119.53125,217.58543015625
"36.40625_-119.59375",82.3,"06","CA",36.40625,-119.59375,217.62360015625
"36.40625_-119.65625",81.2,"06","CA",36.40625,-119.65625,217.66177015625
"36.40625_-119.71875",76.4,"06","CA",36.40625,-119.71875,217.82833015625
"36.40625_-119.78125",71.5,"06","CA",36.40625,-119.78125,217.99836015625
"36.40625_-119.84375",67.2,"06","CA",36.40625,-119.84375,218.14757015625
"36.40625_-119.90625",62.8,"06","CA",36.40625,-119.90625,218.30025015625
"36.40625_-121.34375",62.1,"06","CA",36.40625,-121.34375,218.32454015625
"36.40625_-121.40625",263.2,"06","CA",36.40625,-121.40625,211.34637015625
"36.46875_-119.15625",175.3,"06","CA",36.46875,-119.15625,213.30190640625
"36.46875_-119.21875",112.4,"06","CA",36.46875,-119.21875,215.48453640625
"36.46875_-119.28125",104.2,"06","CA",36.46875,-119.28125,215.76907640625
"36.46875_-119.34375",97.3,"06","CA",36.46875,-119.34375,216.00850640625
"36.46875_-119.40625",93.4,"06","CA",36.46875,-119.40625,216.14383640625
"36.46875_-119.46875",91.1,"06","CA",36.46875,-119.46875,216.22364640625
"36.46875_-119.53125",89.2,"06","CA",36.46875,-119.53125,216.28957640625
"36.46875_-119.59375",86.6,"06","CA",36.46875,-119.59375,216.37979640625
"36.46875_-119.65625",81.9,"06","CA",36.46875,-119.65625,216.54288640625
"36.46875_-119.71875",78.3,"06","CA",36.46875,-119.71875,216.66780640625
"36.46875_-119.78125",73.4,"06","CA",36.46875,-119.78125,216.83783640625
"36.46875_-119.84375",69.4,"06","CA",36.46875,-119.84375,216.97663640625
"36.46875_-119.90625",65.2,"06","CA",36.46875,-119.90625,217.12237640625
"36.46875_-119.96875",61.3,"06","CA",36.46875,-119.96875,217.25770640625
"36.46875_-120.40625",153.9,"06","CA",36.46875,-120.40625,214.04448640625
"36.46875_-121.34375",144.8,"06","CA",36.46875,-121.34375,214.36025640625
"36.46875_-121.40625",57.2,"06","CA",36.46875,-121.40625,217.39997640625
"36.53125_-119.28125",116.1,"06","CA",36.53125,-119.28125,214.26683390625
"36.53125_-119.34375",108.4,"06","CA",36.53125,-119.34375,214.53402390625
"36.53125_-119.40625",101.1,"06","CA",36.53125,-119.40625,214.78733390625
"36.53125_-119.46875",97.9,"06","CA",36.53125,-119.46875,214.89837390625
"36.53125_-119.53125",96.2,"06","CA",36.53125,-119.53125,214.95736390625
"36.53125_-119.59375",92.8,"06","CA",36.53125,-119.59375,215.07534390625
"36.53125_-119.65625",87.7,"06","CA",36.53125,-119.65625,215.25231390625
"36.53125_-119.71875",83,"06","CA",36.53125,-119.71875,215.41540390625
"36.53125_-119.78125",79.2,"06","CA",36.53125,-119.78125,215.54726390625
"36.53125_-119.84375",74.6,"06","CA",36.53125,-119.84375,215.70688390625
"36.53125_-119.90625",68.7,"06","CA",36.53125,-119.90625,215.91161390625
"36.53125_-119.96875",63.3,"06","CA",36.53125,-119.96875,216.09899390625
"36.53125_-120.03125",58.3,"06","CA",36.53125,-120.03125,216.27249390625
"36.53125_-121.40625",140.7,"06","CA",36.53125,-121.40625,213.41321390625
"36.53125_-121.46875",43.6,"06","CA",36.53125,-121.46875,216.78258390625
"36.53125_-121.53125",112.8,"06","CA",36.53125,-121.53125,214.38134390625
"36.59375_-119.34375",129.2,"06","CA",36.59375,-119.34375,212.72823265625
"36.59375_-119.40625",109.4,"06","CA",36.59375,-119.40625,213.41529265625
"36.59375_-119.46875",105.5,"06","CA",36.59375,-119.46875,213.55062265625
"36.59375_-119.53125",103.8,"06","CA",36.59375,-119.53125,213.60961265625
"36.59375_-119.59375",100.2,"06","CA",36.59375,-119.59375,213.73453265625
"36.59375_-119.65625",95.2,"06","CA",36.59375,-119.65625,213.90803265625
"36.59375_-119.71875",88.8,"06","CA",36.59375,-119.71875,214.13011265625
"36.59375_-119.84375",77.7,"06","CA",36.59375,-119.84375,214.51528265625
"36.59375_-119.96875",66.8,"06","CA",36.59375,-119.96875,214.89351265625
"36.59375_-120.09375",56.4,"06","CA",36.59375,-120.09375,215.25439265625
"36.59375_-80.71875",484.7,"51","VA",36.59375,-80.71875,200.39238265625
"36.65625_-119.40625",122.1,"06","CA",36.65625,-119.40625,211.89585265625
"36.65625_-119.46875",109.5,"06","CA",36.65625,-119.46875,212.33307265625
"36.65625_-119.53125",106.6,"06","CA",36.65625,-119.53125,212.43370265625
"36.65625_-119.59375",105.2,"06","CA",36.65625,-119.59375,212.48228265625
"36.65625_-119.65625",99.5,"06","CA",36.65625,-119.65625,212.68007265625
"36.65625_-119.71875",93.6,"06","CA",36.65625,-119.71875,212.88480265625
"36.65625_-119.78125",87.3,"06","CA",36.65625,-119.78125,213.10341265625
"36.65625_-119.84375",80.6,"06","CA",36.65625,-119.84375,213.33590265625
"36.65625_-119.96875",70.3,"06","CA",36.65625,-119.96875,213.69331265625
"36.65625_-120.03125",66,"06","CA",36.65625,-120.03125,213.84252265625
"36.65625_-120.09375",61.3,"06","CA",36.65625,-120.09375,214.00561265625
"36.71875_-119.46875",121.8,"06","CA",36.71875,-119.46875,210.83279390625
"36.71875_-119.53125",115.3,"06","CA",36.71875,-119.53125,211.05834390625
"36.71875_-119.59375",111,"06","CA",36.71875,-119.59375,211.20755390625
"36.71875_-119.65625",103.4,"06","CA",36.71875,-119.65625,211.47127390625
"36.71875_-119.84375",85.5,"06","CA",36.71875,-119.84375,212.09240390625
"36.71875_-119.90625",80,"06","CA",36.71875,-119.90625,212.28325390625
"36.71875_-119.96875",76.4,"06","CA",36.71875,-119.96875,212.40817390625
"36.71875_-120.03125",71.7,"06","CA",36.71875,-120.03125,212.57126390625
"36.71875_-120.09375",65.8,"06","CA",36.71875,-120.09375,212.77599390625
"36.71875_-121.28125",239.8,"06","CA",36.71875,-121.28125,206.73819390625
"36.78125_-119.46875",160.1,"06","CA",36.78125,-119.46875,208.43559640625
"36.78125_-119.53125",129.2,"06","CA",36.78125,-119.53125,209.50782640625
"36.78125_-119.59375",119.5,"06","CA",36.78125,-119.59375,209.84441640625
"36.78125_-119.65625",111.4,"06","CA",36.78125,-119.65625,210.12548640625
"36.78125_-119.96875",82.2,"06","CA",36.78125,-119.96875,211.13872640625
"36.78125_-120.03125",76.1,"06","CA",36.78125,-120.03125,211.35039640625
"36.78125_-120.09375",70,"06","CA",36.78125,-120.09375,211.56206640625
"36.78125_-120.15625",63.3,"06","CA",36.78125,-120.15625,211.79455640625
"36.78125_-120.21875",57.5,"06","CA",36.78125,-120.21875,211.99581640625
"36.78125_-120.34375",48.3,"06","CA",36.78125,-120.34375,212.31505640625
"36.84375_-119.71875",113.5,"06","CA",36.84375,-119.71875,208.98971015625
"36.84375_-119.84375",99.1,"06","CA",36.84375,-119.84375,209.48939015625
"36.84375_-119.90625",92.5,"06","CA",36.84375,-119.90625,209.71841015625
"36.84375_-119.96875",85.5,"06","CA",36.84375,-119.96875,209.96131015625
"36.84375_-120.03125",79,"06","CA",36.84375,-120.03125,210.18686015625
"36.84375_-120.09375",72.6,"06","CA",36.84375,-120.09375,210.40894015625
"36.90625_-119.78125",107.8,"06","CA",36.90625,-119.78125,208.12987515625
"36.90625_-119.84375",108.8,"06","CA",36.90625,-119.84375,208.09517515625
"36.90625_-119.90625",97.3,"06","CA",36.90625,-119.90625,208.49422515625
"36.90625_-119.96875",88.1,"06","CA",36.90625,-119.96875,208.81346515625
"36.90625_-120.03125",82.4,"06","CA",36.90625,-120.03125,209.01125515625
"36.90625_-120.09375",76.2,"06","CA",36.90625,-120.09375,209.22639515625
"36.90625_-120.15625",69.4,"06","CA",36.90625,-120.15625,209.46235515625
"36.96875_-119.71875",129.8,"06","CA",36.96875,-119.71875,206.31413140625
"36.96875_-120.09375",80.8,"06","CA",36.96875,-120.09375,208.01443140625
"36.96875_-120.15625",71.4,"06","CA",36.96875,-120.15625,208.34061140625
"36.96875_-120.21875",63.9,"06","CA",36.96875,-120.21875,208.60086140625
"36.96875_-121.40625",129.7,"06","CA",36.96875,-121.40625,206.31760140625
"37.03125_-119.96875",106.5,"06","CA",37.03125,-119.96875,206.07557890625
"37.03125_-120.03125",97.7,"06","CA",37.03125,-120.03125,206.38093890625
"37.03125_-120.09375",84.5,"06","CA",37.03125,-120.09375,206.83897890625
"37.03125_-120.15625",76.8,"06","CA",37.03125,-120.15625,207.10616890625
"37.03125_-120.21875",70.1,"06","CA",37.03125,-120.21875,207.33865890625
"37.03125_-120.28125",62.6,"06","CA",37.03125,-120.28125,207.59890890625
"37.03125_-120.34375",55.9,"06","CA",37.03125,-120.34375,207.83139890625
"37.09375_-120.09375",95.4,"06","CA",37.09375,-120.09375,205.41896765625
"37.09375_-120.15625",86.9,"06","CA",37.09375,-120.15625,205.71391765625
"37.09375_-120.21875",77.3,"06","CA",37.09375,-120.21875,206.04703765625
"37.09375_-120.28125",69.3,"06","CA",37.09375,-120.28125,206.32463765625
"37.15625_-120.21875",82.5,"06","CA",37.15625,-120.21875,204.83009765625
"37.15625_-121.03125",50.8,"06","CA",37.15625,-121.03125,205.93008765625
"37.21875_-120.21875",83,"06","CA",37.21875,-120.21875,203.78152890625
"37.21875_-120.28125",73.5,"06","CA",37.21875,-120.28125,204.11117890625
"37.21875_-120.34375",65.3,"06","CA",37.21875,-120.34375,204.39571890625
"37.21875_-120.40625",56,"06","CA",37.21875,-120.40625,204.71842890625
"37.21875_-121.03125",39.9,"06","CA",37.21875,-121.03125,205.27709890625
"37.28125_-120.28125",77.2,"06","CA",37.28125,-120.28125,202.95685140625
"37.28125_-120.34375",67.1,"06","CA",37.28125,-120.34375,203.30732140625
"37.28125_-120.40625",59.9,"06","CA",37.28125,-120.40625,203.55716140625
"37.28125_-121.03125",32.8,"06","CA",37.28125,-121.03125,204.49753140625
"37.28125_-121.09375",64.1,"06","CA",37.28125,-121.09375,203.41142140625
"37.34375_-120.40625",68.3,"06","CA",37.34375,-120.40625,202.24502515625
"37.34375_-120.96875",21.4,"06","CA",37.34375,-120.96875,203.87245515625
"37.34375_-121.03125",27.9,"06","CA",37.34375,-121.03125,203.64690515625
"37.34375_-121.09375",50.1,"06","CA",37.34375,-121.09375,202.87656515625
"37.40625_-120.53125",67,"06","CA",37.40625,-120.53125,201.27476015625
"37.40625_-120.71875",43.5,"06","CA",37.40625,-120.71875,202.09021015625
"37.40625_-121.03125",21.7,"06","CA",37.40625,-121.03125,202.84667015625
"37.40625_-121.09375",40.3,"06","CA",37.40625,-121.09375,202.20125015625
"37.40625_-121.15625",100.8,"06","CA",37.40625,-121.15625,200.10190015625
"37.46875_-120.46875",90.1,"06","CA",37.46875,-120.46875,199.46309640625
"37.46875_-120.53125",65,"06","CA",37.46875,-120.53125,200.33406640625
"37.46875_-120.59375",59,"06","CA",37.46875,-120.59375,200.54226640625
"37.46875_-120.65625",57.7,"06","CA",37.46875,-120.65625,200.58737640625
"37.46875_-120.71875",49.7,"06","CA",37.46875,-120.71875,200.86497640625
"37.46875_-120.78125",40.5,"06","CA",37.46875,-120.78125,201.18421640625
"37.46875_-121.03125",15.9,"06","CA",37.46875,-121.03125,202.03783640625
"37.46875_-121.09375",20.2,"06","CA",37.46875,-121.09375,201.88862640625
"37.46875_-121.15625",49.4,"06","CA",37.46875,-121.15625,200.87538640625
"37.46875_-121.21875",211.8,"06","CA",37.46875,-121.21875,195.24010640625
"37.53125_-120.65625",71.6,"06","CA",37.53125,-120.65625,199.10023390625
"37.53125_-120.71875",60.1,"06","CA",37.53125,-120.71875,199.49928390625
"37.53125_-120.96875",21.7,"06","CA",37.53125,-120.96875,200.83176390625
"37.53125_-121.03125",16,"06","CA",37.53125,-121.03125,201.02955390625
"37.53125_-121.09375",13.6,"06","CA",37.53125,-121.09375,201.11283390625
"37.53125_-121.15625",23.7,"06","CA",37.53125,-121.15625,200.76236390625
"37.53125_-121.21875",54.6,"06","CA",37.53125,-121.21875,199.69013390625
"37.53125_-121.28125",205.6,"06","CA",37.53125,-121.28125,194.45043390625
"37.59375_-120.71875",57,"06","CA",37.59375,-120.71875,198.60732265625
"37.59375_-120.78125",45.5,"06","CA",37.59375,-120.78125,199.00637265625
"37.59375_-120.84375",38.1,"06","CA",37.59375,-120.84375,199.26315265625
"37.59375_-120.90625",30.3,"06","CA",37.59375,-120.90625,199.53381265625
"37.59375_-120.96875",25.4,"06","CA",37.59375,-120.96875,199.70384265625
"37.59375_-121.03125",21.8,"06","CA",37.59375,-121.03125,199.82876265625
"37.59375_-121.09375",17.1,"06","CA",37.59375,-121.09375,199.99185265625
"37.59375_-121.15625",11.7,"06","CA",37.59375,-121.15625,200.17923265625
"37.59375_-121.21875",18,"06","CA",37.59375,-121.21875,199.96062265625
"37.59375_-121.28125",44.4,"06","CA",37.59375,-121.28125,199.04454265625
"37.65625_-120.65625",60.9,"06","CA",37.65625,-120.65625,197.47774265625
"37.65625_-120.71875",54.6,"06","CA",37.65625,-120.71875,197.69635265625
"37.65625_-120.78125",47.5,"06","CA",37.65625,-120.78125,197.94272265625
"37.65625_-120.84375",40.9,"06","CA",37.65625,-120.84375,198.17174265625
"37.65625_-120.90625",35.1,"06","CA",37.65625,-120.90625,198.37300265625
"37.65625_-121.03125",25.2,"06","CA",37.65625,-121.03125,198.71653265625
"37.65625_-121.09375",19,"06","CA",37.65625,-121.09375,198.93167265625
"37.65625_-121.15625",12.6,"06","CA",37.65625,-121.15625,199.15375265625
"37.65625_-121.21875",9.6,"06","CA",37.65625,-121.21875,199.25785265625
"37.65625_-121.28125",19.3,"06","CA",37.65625,-121.28125,198.92126265625
"37.65625_-121.34375",37.7,"06","CA",37.65625,-121.34375,198.28278265625
"37.65625_-121.40625",70,"06","CA",37.65625,-121.40625,197.16197265625
"37.71875_-120.65625",72.1,"06","CA",37.71875,-120.65625,196.10013390625
"37.71875_-120.71875",61.3,"06","CA",37.71875,-120.71875,196.47489390625
"37.71875_-120.78125",63.1,"06","CA",37.71875,-120.78125,196.41243390625
"37.71875_-120.84375",54.3,"06","CA",37.71875,-120.84375,196.71779390625
"37.71875_-120.90625",43.4,"06","CA",37.71875,-120.90625,197.09602390625
"37.71875_-120.96875",34.5,"06","CA",37.71875,-120.96875,197.40485390625
"37.71875_-121.03125",28.2,"06","CA",37.71875,-121.03125,197.62346390625
"37.71875_-121.09375",21.7,"06","CA",37.71875,-121.09375,197.84901390625
"37.71875_-121.15625",15.9,"06","CA",37.71875,-121.15625,198.05027390625
"37.71875_-121.21875",9.7,"06","CA",37.71875,-121.21875,198.26541390625
"37.71875_-121.28125",6.2,"06","CA",37.71875,-121.28125,198.38686390625
"37.71875_-121.34375",13.1,"06","CA",37.71875,-121.34375,198.14743390625
"37.71875_-121.40625",24.5,"06","CA",37.71875,-121.40625,197.75185390625
"37.78125_-120.71875",81.5,"06","CA",37.78125,-120.71875,194.79026640625
"37.78125_-120.78125",66.3,"06","CA",37.78125,-120.78125,195.31770640625
"37.78125_-120.84375",54.9,"06","CA",37.78125,-120.84375,195.71328640625
"37.78125_-120.90625",44.8,"06","CA",37.78125,-120.90625,196.06375640625
"37.78125_-120.96875",39.3,"06","CA",37.78125,-120.96875,196.25460640625
"37.78125_-121.03125",31,"06","CA",37.78125,-121.03125,196.54261640625
"37.78125_-121.09375",23,"06","CA",37.78125,-121.09375,196.82021640625
"37.78125_-121.15625",16.7,"06","CA",37.78125,-121.15625,197.03882640625
"37.78125_-121.21875",10.6,"06","CA",37.78125,-121.21875,197.25049640625
"37.78125_-121.28125",4.2,"06","CA",37.78125,-121.28125,197.47257640625
"37.78125_-121.34375",2.7,"06","CA",37.78125,-121.34375,197.52462640625
"37.78125_-78.96875",270.4,"51","VA",37.78125,-78.96875,188.23543640625
"37.84375_-120.71875",94.2,"06","CA",37.84375,-120.71875,193.37117015625
"37.84375_-120.84375",67.5,"06","CA",37.84375,-120.84375,194.29766015625
"37.84375_-120.90625",51.4,"06","CA",37.84375,-120.90625,194.85633015625
"37.84375_-120.96875",38.5,"06","CA",37.84375,-120.96875,195.30396015625
"37.84375_-121.03125",29.2,"06","CA",37.84375,-121.03125,195.62667015625
"37.84375_-121.09375",20.5,"06","CA",37.84375,-121.09375,195.92856015625
"37.84375_-121.15625",14.3,"06","CA",37.84375,-121.15625,196.14370015625
"37.84375_-121.21875",9.9,"06","CA",37.84375,-121.21875,196.29638015625
"37.84375_-121.28125",4.2,"06","CA",37.84375,-121.28125,196.49417015625
"37.84375_-121.34375",1.1,"06","CA",37.84375,-121.34375,196.60174015625
"37.84375_-121.40625",0.1,"06","CA",37.84375,-121.40625,196.63644015625
"37.90625_-120.84375",61.4,"06","CA",37.90625,-120.84375,193.53620515625
"37.90625_-120.90625",50.7,"06","CA",37.90625,-120.90625,193.90749515625
"37.90625_-120.96875",38.8,"06","CA",37.90625,-120.96875,194.32042515625
"37.90625_-121.03125",28.5,"06","CA",37.90625,-121.03125,194.67783515625
"37.90625_-121.09375",22.1,"06","CA",37.90625,-121.09375,194.89991515625
"37.90625_-121.15625",15.7,"06","CA",37.90625,-121.15625,195.12199515625
"37.90625_-121.21875",8.8,"06","CA",37.90625,-121.21875,195.36142515625
"37.90625_-121.28125",4.1,"06","CA",37.90625,-121.28125,195.52451515625
"37.90625_-121.34375",-0.1,"06","CA",37.90625,-121.34375,195.67025515625
"37.90625_-121.40625",-1.1,"06","CA",37.90625,-121.40625,195.70495515625
"37.96875_-120.96875",52.4,"06","CA",37.96875,-120.96875,192.88066140625
"37.96875_-121.03125",33.5,"06","CA",37.96875,-121.03125,193.53649140625
"37.96875_-121.09375",24.2,"06","CA",37.96875,-121.09375,193.85920140625
"37.96875_-121.15625",17.5,"06","CA",37.96875,-121.15625,194.09169140625
"37.96875_-121.21875",10.8,"06","CA",37.96875,-121.21875,194.32418140625
"37.96875_-121.40625",-3.4,"06","CA",37.96875,-121.40625,194.81692140625
"37.96875_-121.46875",-4.6,"06","CA",37.96875,-121.46875,194.85856140625
"38.03125_-120.96875",64.3,"06","CA",38.03125,-120.96875,191.50516890625
"38.03125_-121.03125",39.6,"06","CA",38.03125,-121.03125,192.36225890625
"38.03125_-121.09375",28.1,"06","CA",38.03125,-121.09375,192.76130890625
"38.03125_-121.15625",20.9,"06","CA",38.03125,-121.15625,193.01114890625
"38.03125_-121.21875",15,"06","CA",38.03125,-121.21875,193.21587890625
"38.03125_-121.28125",7.8,"06","CA",38.03125,-121.28125,193.46571890625
"38.03125_-121.34375",3.7,"06","CA",38.03125,-121.34375,193.60798890625
"38.03125_-121.40625",-2.8,"06","CA",38.03125,-121.40625,193.83353890625
"38.03125_-121.46875",-4.7,"06","CA",38.03125,-121.46875,193.89946890625
"38.03125_-121.53125",-4.4,"06","CA",38.03125,-121.53125,193.88905890625
"38.09375_-120.90625",75,"06","CA",38.09375,-120.90625,190.17659765625
"38.09375_-120.96875",66.6,"06","CA",38.09375,-120.96875,190.46807765625
"38.09375_-121.03125",61.2,"06","CA",38.09375,-121.03125,190.65545765625
"38.09375_-121.09375",36.2,"06","CA",38.09375,-121.09375,191.52295765625
"38.09375_-121.15625",23.5,"06","CA",38.09375,-121.15625,191.96364765625
"38.09375_-121.21875",16.7,"06","CA",38.09375,-121.21875,192.19960765625
"38.09375_-121.28125",10.9,"06","CA",38.09375,-121.28125,192.40086765625
"38.09375_-121.34375",5,"06","CA",38.09375,-121.34375,192.60559765625
"38.09375_-121.40625",-0.2,"06","CA",38.09375,-121.40625,192.78603765625
"38.09375_-121.46875",-4.4,"06","CA",38.09375,-121.46875,192.93177765625
"38.15625_-121.09375",42.4,"06","CA",38.15625,-121.09375,190.35581765625
"38.15625_-121.15625",26.2,"06","CA",38.15625,-121.15625,190.91795765625
"38.15625_-121.21875",21.1,"06","CA",38.15625,-121.21875,191.09492765625
"38.15625_-121.28125",15.2,"06","CA",38.15625,-121.28125,191.29965765625
"38.15625_-121.34375",8.1,"06","CA",38.15625,-121.34375,191.54602765625
"38.15625_-121.40625",1.7,"06","CA",38.15625,-121.40625,191.76810765625
"38.15625_-121.46875",-3.4,"06","CA",38.15625,-121.46875,191.94507765625
"38.15625_-121.59375",-4,"06","CA",38.15625,-121.59375,191.96589765625
"38.21875_-121.03125",56.2,"06","CA",38.21875,-121.03125,188.93023890625
"38.21875_-121.09375",44,"06","CA",38.21875,-121.09375,189.35357890625
"38.21875_-121.15625",33.2,"06","CA",38.21875,-121.15625,189.72833890625
"38.21875_-121.21875",23.4,"06","CA",38.21875,-121.21875,190.06839890625
"38.21875_-121.28125",15.3,"06","CA",38.21875,-121.28125,190.34946890625
"38.21875_-121.34375",8.3,"06","CA",38.21875,-121.34375,190.59236890625
"38.21875_-121.40625",2.6,"06","CA",38.21875,-121.40625,190.79015890625
"38.21875_-121.46875",-1.3,"06","CA",38.21875,-121.46875,190.92548890625
"38.21875_-121.53125",-1.6,"06","CA",38.21875,-121.53125,190.93589890625
"38.21875_-121.59375",-3,"06","CA",38.21875,-121.59375,190.98447890625
"38.21875_-121.65625",-2.4,"06","CA",38.21875,-121.65625,190.96365890625
"38.28125_-120.96875",85.5,"06","CA",38.28125,-120.96875,186.97209140625
"38.28125_-121.09375",52.6,"06","CA",38.28125,-121.09375,188.11372140625
"38.28125_-121.15625",38.4,"06","CA",38.28125,-121.15625,188.60646140625
"38.28125_-121.21875",24.5,"06","CA",38.28125,-121.21875,189.08879140625
"38.28125_-121.28125",16.6,"06","CA",38.28125,-121.28125,189.36292140625
"38.28125_-121.34375",9,"06","CA",38.28125,-121.34375,189.62664140625
"38.28125_-121.40625",4.5,"06","CA",38.28125,-121.40625,189.78279140625
"38.28125_-121.46875",1.4,"06","CA",38.28125,-121.46875,189.89036140625
"38.28125_-121.53125",-1.2,"06","CA",38.28125,-121.53125,189.98058140625
"38.28125_-121.59375",-1.3,"06","CA",38.28125,-121.59375,189.98405140625
"38.28125_-121.65625",-0.9,"06","CA",38.28125,-121.65625,189.97017140625
"38.34375_-121.28125",17,"06","CA",38.34375,-121.28125,188.41288515625
"38.34375_-121.34375",11.5,"06","CA",38.34375,-121.34375,188.60373515625
"38.34375_-121.40625",7.4,"06","CA",38.34375,-121.40625,188.74600515625
"38.34375_-121.53125",0.9,"06","CA",38.34375,-121.53125,188.97155515625
"38.34375_-121.59375",0.4,"06","CA",38.34375,-121.59375,188.98890515625
"38.40625_-121.28125",21.1,"06","CA",38.40625,-121.28125,187.33974015625
"38.40625_-121.34375",16.8,"06","CA",38.40625,-121.34375,187.48895015625
"38.40625_-121.53125",1.3,"06","CA",38.40625,-121.53125,188.02680015625
"38.40625_-121.90625",23.2,"06","CA",38.40625,-121.90625,187.26687015625
"38.46875_-121.15625",42.6,"06","CA",38.46875,-121.15625,185.66809640625
"38.46875_-121.21875",33.5,"06","CA",38.46875,-121.21875,185.98386640625
"38.46875_-121.28125",28.2,"06","CA",38.46875,-121.28125,186.16777640625
"38.46875_-121.65625",4.3,"06","CA",38.46875,-121.65625,186.99710640625
"38.46875_-121.71875",8.9,"06","CA",38.46875,-121.71875,186.83748640625
"38.46875_-121.78125",14.9,"06","CA",38.46875,-121.78125,186.62928640625
"38.46875_-121.84375",21.1,"06","CA",38.46875,-121.84375,186.41414640625
"38.46875_-121.90625",27,"06","CA",38.46875,-121.90625,186.20941640625
"38.46875_-121.96875",48.2,"06","CA",38.46875,-121.96875,185.47377640625
"38.46875_-122.03125",120.3,"06","CA",38.46875,-122.03125,182.97190640625
"38.53125_-121.65625",5.3,"06","CA",38.53125,-121.65625,186.04209390625
"38.53125_-121.71875",11.3,"06","CA",38.53125,-121.71875,185.83389390625
"38.53125_-121.78125",16.7,"06","CA",38.53125,-121.78125,185.64651390625
"38.53125_-121.84375",23.6,"06","CA",38.53125,-121.84375,185.40708390625
"38.53125_-121.90625",31,"06","CA",38.53125,-121.90625,185.15030390625
"38.53125_-121.96875",41.4,"06","CA",38.53125,-121.96875,184.78942390625
"38.53125_-122.03125",107.8,"06","CA",38.53125,-122.03125,182.48534390625
"38.59375_-121.46875",9.3,"06","CA",38.59375,-121.46875,184.98826265625
"38.59375_-121.59375",2.9,"06","CA",38.59375,-121.59375,185.21034265625
"38.59375_-121.71875",8.9,"06","CA",38.59375,-121.71875,185.00214265625
"38.59375_-121.78125",15.1,"06","CA",38.59375,-121.78125,184.78700265625
"38.59375_-121.84375",23.5,"06","CA",38.59375,-121.84375,184.49552265625
"38.59375_-121.90625",33.3,"06","CA",38.59375,-121.90625,184.15546265625
"38.59375_-121.96875",47.6,"06","CA",38.59375,-121.96875,183.65925265625
"38.65625_-121.59375",3.6,"06","CA",38.65625,-121.59375,184.27630265625
"38.65625_-121.65625",4.2,"06","CA",38.65625,-121.65625,184.25548265625
"38.65625_-121.71875",8.6,"06","CA",38.65625,-121.71875,184.10280265625
"38.65625_-121.78125",18.8,"06","CA",38.65625,-121.78125,183.74886265625
"38.65625_-121.84375",26.2,"06","CA",38.65625,-121.84375,183.49208265625
"38.65625_-121.90625",35.5,"06","CA",38.65625,-121.90625,183.16937265625
"38.65625_-121.96875",46.9,"06","CA",38.65625,-121.96875,182.77379265625
"38.65625_-122.03125",80.5,"06","CA",38.65625,-122.03125,181.60787265625
"38.71875_-121.59375",5.5,"06","CA",38.71875,-121.59375,183.30590390625
"38.71875_-121.65625",5.5,"06","CA",38.71875,-121.65625,183.30590390625
"38.71875_-121.71875",8.4,"06","CA",38.71875,-121.71875,183.20527390625
"38.71875_-121.78125",16.5,"06","CA",38.71875,-121.78125,182.92420390625
"38.71875_-121.84375",25.9,"06","CA",38.71875,-121.84375,182.59802390625
"38.71875_-121.90625",49.4,"06","CA",38.71875,-121.90625,181.78257390625
"38.71875_-121.96875",47.6,"06","CA",38.71875,-121.96875,181.84503390625
"38.71875_-122.03125",62.7,"06","CA",38.71875,-122.03125,181.32106390625
"38.71875_-122.09375",122,"06","CA",38.71875,-122.09375,179.26335390625
"38.71875_-122.15625",187,"06","CA",38.71875,-122.15625,177.00785390625
"38.78125_-121.59375",6.3,"06","CA",38.78125,-121.59375,182.37895640625
"38.78125_-121.65625",7.2,"06","CA",38.78125,-121.65625,182.34772640625
"38.78125_-121.71875",7.3,"06","CA",38.78125,-121.71875,182.34425640625
"38.78125_-121.78125",10.3,"06","CA",38.78125,-121.78125,182.24015640625
"38.78125_-121.84375",12.7,"06","CA",38.78125,-121.84375,182.15687640625
"38.78125_-121.90625",39.6,"06","CA",38.78125,-121.90625,181.22344640625
"38.78125_-121.96875",61.3,"06","CA",38.78125,-121.96875,180.47045640625
"38.78125_-122.03125",75.9,"06","CA",38.78125,-122.03125,179.96383640625
"38.78125_-122.15625",188.1,"06","CA",38.78125,-122.15625,176.07049640625
"38.84375_-107.78125",1925.1,"08","CO",38.84375,-107.78125,114.90269015625
"38.84375_-121.53125",9.3,"06","CA",38.84375,-121.53125,181.38095015625
"38.84375_-121.59375",6.5,"06","CA",38.84375,-121.59375,181.47811015625
"38.84375_-121.65625",6.5,"06","CA",38.84375,-121.65625,181.47811015625
"38.84375_-121.71875",5.3,"06","CA",38.84375,-121.71875,181.51975015625
"38.84375_-121.78125",6.1,"06","CA",38.84375,-121.78125,181.49199015625
"38.84375_-121.84375",5.8,"06","CA",38.84375,-121.84375,181.50240015625
"38.84375_-121.90625",9.3,"06","CA",38.84375,-121.90625,181.38095015625
"38.84375_-121.96875",44.5,"06","CA",38.84375,-121.96875,180.15951015625
"38.84375_-122.21875",215.8,"06","CA",38.84375,-122.21875,174.21540015625
"38.90625_-107.96875",1854.3,"08","CO",38.90625,-107.96875,116.47082515625
"38.90625_-121.34375",35.8,"06","CA",38.90625,-121.34375,179.57277515625
"38.90625_-121.40625",25.4,"06","CA",38.90625,-121.40625,179.93365515625
"38.90625_-121.53125",12.1,"06","CA",38.90625,-121.53125,180.39516515625
"38.90625_-121.59375",9.7,"06","CA",38.90625,-121.59375,180.47844515625
"38.90625_-121.78125",7.3,"06","CA",38.90625,-121.78125,180.56172515625
"38.90625_-121.84375",6.3,"06","CA",38.90625,-121.84375,180.59642515625
"38.90625_-121.90625",6,"06","CA",38.90625,-121.90625,180.60683515625
"38.90625_-121.96875",22.8,"06","CA",38.90625,-121.96875,180.02387515625
"38.90625_-122.03125",72.5,"06","CA",38.90625,-122.03125,178.29928515625
"38.90625_-122.09375",147.5,"06","CA",38.90625,-122.09375,175.69678515625
"38.90625_-122.21875",291.2,"06","CA",38.90625,-122.21875,170.71039515625
"38.96875_-121.40625",25.1,"06","CA",38.96875,-121.40625,179.06072140625
"38.96875_-121.46875",19.8,"06","CA",38.96875,-121.46875,179.24463140625
"38.96875_-121.53125",13.7,"06","CA",38.96875,-121.53125,179.45630140625
"38.96875_-121.59375",11.3,"06","CA",38.96875,-121.59375,179.53958140625
"38.96875_-121.65625",9.4,"06","CA",38.96875,-121.65625,179.60551140625
"38.96875_-121.71875",7.7,"06","CA",38.96875,-121.71875,179.66450140625
"38.96875_-121.78125",7.1,"06","CA",38.96875,-121.78125,179.68532140625
"38.96875_-121.84375",8,"06","CA",38.96875,-121.84375,179.65409140625
"38.96875_-121.90625",6.3,"06","CA",38.96875,-121.90625,179.71308140625
"38.96875_-121.96875",13.6,"06","CA",38.96875,-121.96875,179.45977140625
"38.96875_-122.03125",45.3,"06","CA",38.96875,-122.03125,178.35978140625
"38.96875_-122.09375",94.9,"06","CA",38.96875,-122.09375,176.63866140625
"39.03125_-121.34375",55.1,"06","CA",39.03125,-121.34375,177.14165890625
"39.03125_-121.40625",28.1,"06","CA",39.03125,-121.40625,178.07855890625
"39.03125_-121.46875",20.6,"06","CA",39.03125,-121.46875,178.33880890625
"39.03125_-121.53125",15.8,"06","CA",39.03125,-121.53125,178.50536890625
"39.03125_-121.59375",13.8,"06","CA",39.03125,-121.59375,178.57476890625
"39.03125_-121.65625",12.1,"06","CA",39.03125,-121.65625,178.63375890625
"39.03125_-121.71875",10,"06","CA",39.03125,-121.71875,178.70662890625
"39.03125_-121.78125",9,"06","CA",39.03125,-121.78125,178.74132890625
"39.03125_-121.84375",10.6,"06","CA",39.03125,-121.84375,178.68580890625
"39.03125_-121.90625",8.4,"06","CA",39.03125,-121.90625,178.76214890625
"39.03125_-121.96875",8,"06","CA",39.03125,-121.96875,178.77602890625
"39.03125_-122.03125",21.5,"06","CA",39.03125,-122.03125,178.30757890625
"39.03125_-122.09375",47.3,"06","CA",39.03125,-122.09375,177.41231890625
"39.03125_-122.15625",97.1,"06","CA",39.03125,-122.15625,175.68425890625
"39.09375_-108.40625",1465.8,"08","CO",39.09375,-108.40625,127.31758765625
"39.09375_-121.40625",32.3,"06","CA",39.09375,-121.40625,177.06003765625
"39.09375_-121.46875",23.2,"06","CA",39.09375,-121.46875,177.37580765625
"39.09375_-121.59375",15.8,"06","CA",39.09375,-121.59375,177.63258765625
"39.09375_-121.65625",14.6,"06","CA",39.09375,-121.65625,177.67422765625
"39.09375_-121.71875",12.2,"06","CA",39.09375,-121.71875,177.75750765625
"39.09375_-121.78125",10.8,"06","CA",39.09375,-121.78125,177.80608765625
"39.09375_-121.84375",10.9,"06","CA",39.09375,-121.84375,177.80261765625
"39.09375_-121.90625",12.6,"06","CA",39.09375,-121.90625,177.74362765625
"39.09375_-121.96875",10.6,"06","CA",39.09375,-121.96875,177.81302765625
"39.09375_-122.03125",13.2,"06","CA",39.09375,-122.03125,177.72280765625
"39.09375_-122.09375",23.9,"06","CA",39.09375,-122.09375,177.35151765625
"39.09375_-122.15625",39.7,"06","CA",39.09375,-122.15625,176.80325765625
"39.09375_-122.21875",76.1,"06","CA",39.09375,-122.21875,175.54017765625
"39.09375_-78.21875",230.7,"51","VA",39.09375,-78.21875,170.17555765625
"39.09375_-78.28125",254.4,"51","VA",39.09375,-78.28125,169.35316765625
"39.15625_-121.46875",28,"06","CA",39.15625,-121.46875,176.34174765625
"39.15625_-121.53125",23,"06","CA",39.15625,-121.53125,176.51524765625
"39.15625_-121.59375",18.9,"06","CA",39.15625,-121.59375,176.65751765625
"39.15625_-121.65625",17.2,"06","CA",39.15625,-121.65625,176.71650765625
"39.15625_-121.71875",15.9,"06","CA",39.15625,-121.71875,176.76161765625
"39.15625_-121.78125",34.7,"06","CA",39.15625,-121.78125,176.10925765625
"39.15625_-121.84375",37.6,"06","CA",39.15625,-121.84375,176.00862765625
"39.15625_-121.90625",15.2,"06","CA",39.15625,-121.90625,176.78590765625
"39.15625_-121.96875",13.6,"06","CA",39.15625,-121.96875,176.84142765625
"39.15625_-122.09375",17,"06","CA",39.15625,-122.09375,176.72344765625
"39.15625_-122.15625",24.4,"06","CA",39.15625,-122.15625,176.46666765625
"39.15625_-122.21875",33.7,"06","CA",39.15625,-122.21875,176.14395765625
"39.15625_-122.28125",55,"06","CA",39.15625,-122.28125,175.40484765625
"39.15625_-78.21875",253.8,"51","VA",39.15625,-78.21875,168.50648765625
"39.15625_-78.28125",297.8,"51","VA",39.15625,-78.28125,166.97968765625
"39.21875_-121.46875",35.1,"06","CA",39.21875,-121.46875,175.23315890625
"39.21875_-121.53125",24.1,"06","CA",39.21875,-121.53125,175.61485890625
"39.21875_-121.59375",20.9,"06","CA",39.21875,-121.59375,175.72589890625
"39.21875_-121.65625",20,"06","CA",39.21875,-121.65625,175.75712890625
"39.21875_-121.71875",33,"06","CA",39.21875,-121.71875,175.30602890625
"39.21875_-121.90625",27,"06","CA",39.21875,-121.90625,175.51422890625
"39.21875_-121.96875",17.3,"06","CA",39.21875,-121.96875,175.85081890625
"39.21875_-122.03125",16.1,"06","CA",39.21875,-122.03125,175.89245890625
"39.21875_-122.28125",48.3,"06","CA",39.21875,-122.28125,174.77511890625
"39.21875_-78.15625",230.6,"51","VA",39.21875,-78.15625,168.44930890625
"39.21875_-78.21875",273,"51","VA",39.21875,-78.21875,166.97802890625
"39.28125_-121.53125",30.1,"06","CA",39.28125,-121.53125,174.54972140625
"39.28125_-121.59375",24.1,"06","CA",39.28125,-121.59375,174.75792140625
"39.28125_-121.65625",23.3,"06","CA",39.28125,-121.65625,174.78568140625
"39.28125_-121.71875",21.9,"06","CA",39.28125,-121.71875,174.83426140625
"39.28125_-121.78125",41.7,"06","CA",39.28125,-121.78125,174.14720140625
"39.28125_-121.84375",43.4,"06","CA",39.28125,-121.84375,174.08821140625
"39.28125_-121.90625",16.9,"06","CA",39.28125,-121.90625,175.00776140625
"39.28125_-121.96875",16.7,"06","CA",39.28125,-121.96875,175.01470140625
"39.28125_-122.03125",19,"06","CA",39.28125,-122.03125,174.93489140625
"39.28125_-122.21875",31.9,"06","CA",39.28125,-122.21875,174.48726140625
"39.28125_-122.28125",58.4,"06","CA",39.28125,-122.28125,173.56771140625
"39.28125_-78.09375",199.5,"51","VA",39.28125,-78.09375,168.67154140625
"39.28125_-78.15625",245.8,"51","VA",39.28125,-78.15625,167.06493140625
"39.34375_-121.46875",75.1,"06","CA",39.34375,-121.46875,172.13656515625
"39.34375_-121.53125",35.1,"06","CA",39.34375,-121.53125,173.52456515625
"39.34375_-121.59375",27.6,"06","CA",39.34375,-121.59375,173.78481515625
"39.34375_-121.65625",28,"06","CA",39.34375,-121.65625,173.77093515625
"39.34375_-121.71875",25.4,"06","CA",39.34375,-121.71875,173.86115515625
"39.34375_-121.78125",21.8,"06","CA",39.34375,-121.78125,173.98607515625
"39.34375_-121.84375",19.1,"06","CA",39.34375,-121.84375,174.07976515625
"39.34375_-121.96875",18.5,"06","CA",39.34375,-121.96875,174.10058515625
"39.34375_-122.03125",20.7,"06","CA",39.34375,-122.03125,174.02424515625
"39.34375_-122.09375",18.3,"06","CA",39.34375,-122.09375,174.10752515625
"39.34375_-122.15625",22.7,"06","CA",39.34375,-122.15625,173.95484515625
"39.34375_-122.21875",31.1,"06","CA",39.34375,-122.21875,173.66336515625
"39.34375_-122.28125",68,"06","CA",39.34375,-122.28125,172.38293515625
"39.34375_-77.84375",159.3,"54","WV",39.34375,-77.84375,169.21482515625
"39.34375_-78.09375",212.9,"54","WV",39.34375,-78.09375,167.35490515625
"39.40625_-121.53125",58.7,"06","CA",39.40625,-121.53125,171.85927015625
"39.40625_-121.59375",35.3,"06","CA",39.40625,-121.59375,172.67125015625
"39.40625_-121.65625",31.7,"06","CA",39.40625,-121.65625,172.79617015625
"39.40625_-121.71875",26.9,"06","CA",39.40625,-121.71875,172.96273015625
"39.40625_-121.90625",20.7,"06","CA",39.40625,-121.90625,173.17787015625
"39.40625_-121.96875",22.2,"06","CA",39.40625,-121.96875,173.12582015625
"39.40625_-122.03125",22.4,"06","CA",39.40625,-122.03125,173.11888015625
"39.40625_-122.09375",21.8,"06","CA",39.40625,-122.09375,173.13970015625
"39.40625_-122.15625",24.4,"06","CA",39.40625,-122.15625,173.04948015625
"39.40625_-122.28125",63.8,"06","CA",39.40625,-122.28125,171.68230015625
"39.40625_-78.03125",187.1,"54","WV",39.40625,-78.03125,167.40379015625
"39.40625_-78.09375",247.2,"54","WV",39.40625,-78.09375,165.31832015625
"39.40625_-78.28125",314.5,"51","VA",39.40625,-78.28125,162.98301015625
"39.46875_-121.59375",47.6,"06","CA",39.46875,-121.59375,171.40334640625
"39.46875_-121.65625",40.6,"06","CA",39.46875,-121.65625,171.64624640625
"39.46875_-121.90625",24.4,"06","CA",39.46875,-121.90625,172.20838640625
"39.46875_-121.96875",26,"06","CA",39.46875,-121.96875,172.15286640625
"39.46875_-122.03125",25.7,"06","CA",39.46875,-122.03125,172.16327640625
"39.46875_-122.15625",29.5,"06","CA",39.46875,-122.15625,172.03141640625
"39.46875_-122.21875",37,"06","CA",39.46875,-122.21875,171.77116640625
"39.46875_-122.28125",58.8,"06","CA",39.46875,-122.28125,171.01470640625
"39.46875_-78.03125",203.2,"54","WV",39.46875,-78.03125,166.00402640625
"39.53125_-121.71875",36.7,"06","CA",39.53125,-121.71875,170.94576390625
"39.53125_-121.96875",30,"06","CA",39.53125,-121.96875,171.17825390625
"39.53125_-122.03125",28.3,"06","CA",39.53125,-122.03125,171.23724390625
"39.53125_-122.09375",31,"06","CA",39.53125,-122.09375,171.14355390625
"39.53125_-122.15625",36.4,"06","CA",39.53125,-122.15625,170.95617390625
"39.53125_-122.21875",42.1,"06","CA",39.53125,-122.21875,170.75838390625
"39.53125_-122.28125",58.9,"06","CA",39.53125,-122.28125,170.17542390625
"39.53125_-77.96875",160.6,"54","WV",39.53125,-77.96875,166.64643390625
"39.53125_-78.21875",244.8,"54","WV",39.53125,-78.21875,163.72469390625
"39.59375_-121.65625",66.1,"06","CA",39.59375,-121.65625,169.09505265625
"39.59375_-121.71875",47.4,"06","CA",39.59375,-121.71875,169.74394265625
"39.59375_-121.78125",40,"06","CA",39.59375,-121.78125,170.00072265625
"39.59375_-121.84375",36.8,"06","CA",39.59375,-121.84375,170.11176265625
"39.59375_-121.90625",33.8,"06","CA",39.59375,-121.90625,170.21586265625
"39.59375_-121.96875",33.5,"06","CA",39.59375,-121.96875,170.22627265625
"39.59375_-122.03125",34.1,"06","CA",39.59375,-122.03125,170.20545265625
"39.59375_-122.09375",37.6,"06","CA",39.59375,-122.09375,170.08400265625
"39.59375_-122.15625",44,"06","CA",39.59375,-122.15625,169.86192265625
"39.59375_-122.21875",47.7,"06","CA",39.59375,-122.21875,169.73353265625
"39.59375_-122.28125",67.9,"06","CA",39.59375,-122.28125,169.03259265625
"39.65625_-121.78125",53.4,"06","CA",39.65625,-121.78125,168.71049265625
"39.65625_-121.84375",47.8,"06","CA",39.65625,-121.84375,168.90481265625
"39.65625_-121.90625",38.9,"06","CA",39.65625,-121.90625,169.21364265625
"39.65625_-121.96875",37.4,"06","CA",39.65625,-121.96875,169.26569265625
"39.65625_-122.03125",41.6,"06","CA",39.65625,-122.03125,169.11995265625
"39.65625_-122.09375",47.6,"06","CA",39.65625,-122.09375,168.91175265625
"39.65625_-122.15625",54.6,"06","CA",39.65625,-122.15625,168.66885265625
"39.65625_-122.21875",59,"06","CA",39.65625,-122.21875,168.51617265625
"39.65625_-122.28125",81.7,"06","CA",39.65625,-122.28125,167.72848265625
"39.65625_-77.59375",220.5,"24","MD",39.65625,-77.59375,162.91212265625
"39.71875_-121.78125",87.4,"06","CA",39.71875,-121.78125,166.71072390625
"39.71875_-121.84375",58.5,"06","CA",39.71875,-121.84375,167.71355390625
"39.71875_-121.90625",44.9,"06","CA",39.71875,-121.90625,168.18547390625
"39.71875_-121.96875",41.7,"06","CA",39.71875,-121.96875,168.29651390625
"39.71875_-122.03125",47.4,"06","CA",39.71875,-122.03125,168.09872390625
"39.71875_-122.09375",55.9,"06","CA",39.71875,-122.09375,167.80377390625
"39.71875_-122.15625",66.5,"06","CA",39.71875,-122.15625,167.43595390625
"39.71875_-122.21875",76,"06","CA",39.71875,-122.21875,167.10630390625
"39.71875_-122.28125",92.8,"06","CA",39.71875,-122.28125,166.52334390625
"39.71875_-77.53125",291.5,"24","MD",39.71875,-77.53125,159.62845390625
"39.78125_-121.90625",51.2,"06","CA",39.78125,-121.90625,167.15217640625
"39.78125_-121.96875",45.3,"06","CA",39.78125,-121.96875,167.35690640625
"39.78125_-122.03125",47.9,"06","CA",39.78125,-122.03125,167.26668640625
"39.78125_-122.09375",59.1,"06","CA",39.78125,-122.09375,166.87804640625
"39.78125_-122.15625",71.7,"06","CA",39.78125,-122.15625,166.44082640625
"39.84375_-121.90625",71.8,"06","CA",39.84375,-121.90625,165.62795015625
"39.84375_-121.96875",55.1,"06","CA",39.84375,-121.96875,166.20744015625
"39.84375_-122.03125",51.7,"06","CA",39.84375,-122.03125,166.32542015625
"39.84375_-122.09375",57.3,"06","CA",39.84375,-122.09375,166.13110015625
"39.84375_-122.15625",70.2,"06","CA",39.84375,-122.15625,165.68347015625
"39.84375_-77.34375",199.9,"42","PA",39.84375,-77.34375,161.18288015625
"39.84375_-77.40625",390.6,"42","PA",39.84375,-77.40625,154.56559015625
"39.90625_-121.96875",71,"06","CA",39.90625,-121.96875,164.85158515625
"39.90625_-122.03125",61.5,"06","CA",39.90625,-122.03125,165.18123515625
"39.90625_-122.09375",60.1,"06","CA",39.90625,-122.09375,165.22981515625
"39.90625_-122.15625",79.1,"06","CA",39.90625,-122.15625,164.57051515625
"39.90625_-122.21875",91.4,"06","CA",39.90625,-122.21875,164.14370515625
"39.90625_-122.28125",118.6,"06","CA",39.90625,-122.28125,163.19986515625
"39.90625_-77.28125",203.4,"42","PA",39.90625,-77.28125,160.25730515625
"39.90625_-77.34375",291,"42","PA",39.90625,-77.34375,157.21758515625
"39.90625_-77.40625",413.8,"42","PA",39.90625,-77.40625,152.95642515625
"39.96875_-121.96875",109.6,"06","CA",39.96875,-121.96875,162.71332140625
"39.96875_-122.03125",81.3,"06","CA",39.96875,-122.03125,163.69533140625
"39.96875_-122.09375",64.4,"06","CA",39.96875,-122.09375,164.28176140625
"39.96875_-122.15625",77.5,"06","CA",39.96875,-122.15625,163.82719140625
"39.96875_-122.21875",93.8,"06","CA",39.96875,-122.21875,163.26158140625
"39.96875_-77.15625",200.4,"42","PA",39.96875,-77.15625,159.56256140625
"39.96875_-77.21875",211,"42","PA",39.96875,-77.21875,159.19474140625
"39.96875_-77.28125",290.4,"42","PA",39.96875,-77.28125,156.43956140625
"39.96875_-77.34375",369.8,"42","PA",39.96875,-77.34375,153.68438140625
"39.96875_-77.40625",502.5,"42","PA",39.96875,-77.40625,149.07969140625
"40.03125_-122.09375",76.9,"06","CA",40.03125,-122.09375,163.05444890625
"40.03125_-122.15625",74,"06","CA",40.03125,-122.15625,163.15507890625
"40.03125_-122.21875",91.4,"06","CA",40.03125,-122.21875,162.55129890625
"40.03125_-77.09375",180.7,"42","PA",40.03125,-77.09375,159.45258890625
"40.03125_-77.15625",259.7,"42","PA",40.03125,-77.15625,156.71128890625
"40.03125_-77.21875",294.2,"42","PA",40.03125,-77.21875,155.51413890625
"40.03125_-77.28125",322.5,"42","PA",40.03125,-77.28125,154.53212890625
"40.09375_-122.09375",79.5,"06","CA",40.09375,-122.09375,162.17594765625
"40.09375_-122.15625",75.1,"06","CA",40.09375,-122.15625,162.32862765625
"40.09375_-122.21875",90.1,"06","CA",40.09375,-122.21875,161.80812765625
"40.09375_-77.15625",247.5,"42","PA",40.09375,-77.15625,156.34634765625
"40.15625_-122.09375",144.8,"06","CA",40.15625,-122.09375,159.12703765625
"40.15625_-122.15625",81.4,"06","CA",40.15625,-122.15625,161.32701765625
"40.15625_-122.21875",88.1,"06","CA",40.15625,-122.21875,161.09452765625
"40.40625_-122.21875",123.4,"06","CA",40.40625,-122.21875,156.79043015625
"40.96875_-72.78125",33.6,"36","NY",40.96875,-72.78125,153.28727140625
"41.15625_-90.65625",211.2,"17","IL",41.15625,-90.65625,145.01320765625
"41.21875_-90.65625",218.2,"17","IL",41.21875,-90.65625,144.07708890625
"41.28125_-89.84375",239,"17","IL",41.28125,-89.84375,142.66739140625
"41.28125_-89.90625",238.8,"17","IL",41.28125,-89.90625,142.67433140625
"41.34375_-89.90625",216.4,"17","IL",41.34375,-89.90625,142.76895515625
"41.34375_-89.96875",204.2,"17","IL",41.34375,-89.96875,143.19229515625
"41.34375_-90.78125",230.3,"17","IL",41.34375,-90.78125,142.28662515625
"41.46875_-72.84375",57.2,"09","CT",41.46875,-72.84375,146.94372640625
"41.46875_-74.15625",140.5,"36","NY",41.46875,-74.15625,144.05321640625
"41.53125_-73.96875",40.6,"36","NY",41.53125,-73.96875,146.85293390625
"41.53125_-74.15625",130.3,"36","NY",41.53125,-74.15625,143.74034390625
"41.59375_-73.96875",58.3,"36","NY",41.59375,-73.96875,145.57721265625
"41.59375_-74.03125",191.7,"36","NY",41.59375,-74.03125,140.94823265625
"41.59375_-74.09375",169.8,"36","NY",41.59375,-74.09375,141.70816265625
"41.59375_-74.15625",127.5,"36","NY",41.59375,-74.15625,143.17597265625
"41.65625_-72.59375",77.5,"09","CT",41.65625,-72.59375,144.25472265625
"41.65625_-73.96875",87.1,"36","NY",41.65625,-73.96875,143.92160265625
"41.65625_-74.03125",214.9,"36","NY",41.65625,-74.03125,139.48694265625
"41.65625_-74.09375",164.3,"36","NY",41.65625,-74.09375,141.24276265625
"41.65625_-74.15625",108.9,"36","NY",41.65625,-74.15625,143.16514265625
"41.71875_-73.96875",99,"36","NY",41.71875,-73.96875,142.85770390625
"41.71875_-74.03125",154,"36","NY",41.71875,-74.03125,140.94920390625
"41.71875_-74.09375",105.9,"36","NY",41.71875,-74.09375,142.61827390625
"41.71875_-74.15625",107.5,"36","NY",41.71875,-74.15625,142.56275390625
"41.78125_-74.03125",122.5,"36","NY",41.78125,-74.03125,141.39656640625
"41.84375_-83.78125",207.2,"26","MI",41.84375,-83.78125,137.81707015625
"41.90625_-86.34375",221.1,"26","MI",41.90625,-86.34375,136.69961515625
"41.90625_-86.40625",225.7,"26","MI",41.90625,-86.40625,136.53999515625
"41.90625_-86.46875",205.6,"26","MI",41.90625,-86.46875,137.23746515625
"41.90625_-86.53125",199.1,"26","MI",41.90625,-86.53125,137.46301515625
"41.96875_-121.59375",1275.2,"06","CA",41.96875,-121.59375,99.4925014062501
"41.96875_-86.09375",247,"26","MI",41.96875,-86.09375,135.17104140625
"41.96875_-86.21875",233.3,"26","MI",41.96875,-86.21875,135.64643140625
"41.96875_-86.28125",230.9,"26","MI",41.96875,-86.28125,135.72971140625
"41.96875_-86.34375",202.2,"26","MI",41.96875,-86.34375,136.72560140625
"41.96875_-86.40625",211.3,"26","MI",41.96875,-86.40625,136.40983140625
"41.96875_-86.46875",201.9,"26","MI",41.96875,-86.46875,136.73601140625
"42.03125_-86.15625",234.6,"26","MI",42.03125,-86.15625,134.97675890625
"42.03125_-86.21875",244.8,"26","MI",42.03125,-86.21875,134.62281890625
"42.03125_-86.28125",221.7,"26","MI",42.03125,-86.28125,135.42438890625
"42.03125_-86.34375",213.6,"26","MI",42.03125,-86.34375,135.70545890625
"42.09375_-86.09375",238.4,"26","MI",42.09375,-86.09375,134.22561765625
"42.09375_-86.15625",242.7,"26","MI",42.09375,-86.15625,134.07640765625
"42.09375_-86.21875",237,"26","MI",42.09375,-86.21875,134.27419765625
"42.09375_-86.28125",228.9,"26","MI",42.09375,-86.28125,134.55526765625
"42.09375_-86.34375",213.6,"26","MI",42.09375,-86.34375,135.08617765625
"42.15625_-73.84375",56,"36","NY",42.15625,-73.84375,139.94089765625
"42.15625_-86.03125",237.8,"26","MI",42.15625,-86.03125,133.63243765625
"42.15625_-86.09375",238.2,"26","MI",42.15625,-86.09375,133.61855765625
"42.15625_-86.15625",230.7,"26","MI",42.15625,-86.15625,133.87880765625
"42.15625_-86.21875",214.8,"26","MI",42.15625,-86.21875,134.43053765625
"42.15625_-86.28125",217.9,"26","MI",42.15625,-86.28125,134.32296765625
"42.15625_-86.34375",207.2,"26","MI",42.15625,-86.34375,134.69425765625
"42.21875_-85.78125",267.7,"26","MI",42.21875,-85.78125,131.98618890625
"42.21875_-85.96875",231.9,"26","MI",42.21875,-85.96875,133.22844890625
"42.21875_-86.03125",222.9,"26","MI",42.21875,-86.03125,133.54074890625
"42.21875_-86.09375",222,"26","MI",42.21875,-86.09375,133.57197890625
"42.21875_-86.15625",208.5,"26","MI",42.21875,-86.15625,134.04042890625
"42.28125_-72.34375",177.1,"25","MA",42.28125,-72.34375,134.52657140625
"42.28125_-85.96875",217.9,"26","MI",42.28125,-85.96875,133.11081140625
"42.28125_-86.03125",224.1,"26","MI",42.28125,-86.03125,132.89567140625
"42.28125_-86.09375",218.4,"26","MI",42.28125,-86.09375,133.09346140625
"42.28125_-86.15625",205.3,"26","MI",42.28125,-86.15625,133.54803140625
"42.28125_-86.21875",203.5,"26","MI",42.28125,-86.21875,133.61049140625
"42.28125_-86.28125",203.2,"26","MI",42.28125,-86.28125,133.62090140625
"42.34375_-85.90625",234.9,"26","MI",42.34375,-85.90625,131.92275515625
"42.34375_-85.96875",232,"26","MI",42.34375,-85.96875,132.02338515625
"42.34375_-86.03125",213.1,"26","MI",42.34375,-86.03125,132.67921515625
"42.34375_-86.09375",209.9,"26","MI",42.34375,-86.09375,132.79025515625
"42.34375_-86.15625",200.6,"26","MI",42.34375,-86.15625,133.11296515625
"42.34375_-86.21875",201,"26","MI",42.34375,-86.21875,133.09908515625
"42.34375_-86.28125",196.2,"26","MI",42.34375,-86.28125,133.26564515625
"42.40625_-73.71875",69.8,"36","NY",42.40625,-73.71875,137.05885015625
"42.40625_-85.96875",223.1,"26","MI",42.40625,-85.96875,131.73934015625
"42.40625_-86.15625",198.6,"26","MI",42.40625,-86.15625,132.58949015625
"42.40625_-86.21875",191.3,"26","MI",42.40625,-86.21875,132.84280015625
"42.46875_-86.15625",197.5,"26","MI",42.46875,-86.15625,132.04006640625
"42.46875_-86.21875",194.5,"26","MI",42.46875,-86.21875,132.14416640625
"42.53125_-86.15625",195.9,"26","MI",42.53125,-86.15625,131.51327390625
"42.53125_-86.21875",207.2,"26","MI",42.53125,-86.21875,131.12116390625
"42.59375_-86.15625",205.6,"26","MI",42.59375,-86.15625,130.59965265625
"42.71875_-71.59375",101.1,"33","NH",42.71875,-71.59375,133.08758390625
"42.71875_-74.03125",172.2,"36","NY",42.71875,-74.03125,130.62041390625
"42.78125_-71.59375",105.7,"33","NH",42.78125,-71.59375,132.36677640625
"42.90625_-70.90625",29.5,"33","NH",42.90625,-70.90625,133.90438515625
"42.90625_-76.21875",328.6,"36","NY",42.90625,-76.21875,123.52561515625
"42.90625_-85.78125",192.2,"26","MI",42.90625,-85.78125,128.25869515625
"43.03125_-72.53125",268.6,"50","VT",43.03125,-72.53125,124.52220890625
"43.03125_-85.34375",258.9,"26","MI",43.03125,-85.34375,124.85879890625
"43.03125_-85.71875",232.3,"26","MI",43.03125,-85.71875,125.78181890625
"43.03125_-85.78125",224.3,"26","MI",43.03125,-85.78125,126.05941890625
"43.03125_-85.84375",212.3,"26","MI",43.03125,-85.84375,126.47581890625
"43.09375_-85.28125",261.6,"26","MI",43.09375,-85.28125,124.23032765625
"43.09375_-85.34375",269.5,"26","MI",43.09375,-85.34375,123.95619765625
"43.09375_-85.65625",236.6,"26","MI",43.09375,-85.65625,125.09782765625
"43.09375_-85.71875",247.7,"26","MI",43.09375,-85.71875,124.71265765625
"43.09375_-85.78125",250.7,"26","MI",43.09375,-85.78125,124.60855765625
"43.09375_-85.84375",230.7,"26","MI",43.09375,-85.84375,125.30255765625
"43.09375_-85.90625",210.8,"26","MI",43.09375,-85.90625,125.99308765625
"43.15625_-76.78125",133.5,"36","NY",43.15625,-76.78125,128.14589765625
"43.15625_-76.84375",128.3,"36","NY",43.15625,-76.84375,128.32633765625
"43.15625_-76.90625",124.9,"36","NY",43.15625,-76.90625,128.44431765625
"43.15625_-76.96875",134.2,"36","NY",43.15625,-76.96875,128.12160765625
"43.15625_-77.03125",141.6,"36","NY",43.15625,-77.03125,127.86482765625
"43.15625_-77.09375",144.8,"36","NY",43.15625,-77.09375,127.75378765625
"43.15625_-77.21875",150.4,"36","NY",43.15625,-77.21875,127.55946765625
"43.15625_-85.28125",265.6,"26","MI",43.15625,-85.28125,123.56202765625
"43.15625_-85.34375",263.7,"26","MI",43.15625,-85.34375,123.62795765625
"43.15625_-85.71875",240.3,"26","MI",43.15625,-85.71875,124.43993765625
"43.15625_-85.78125",257.3,"26","MI",43.15625,-85.78125,123.85003765625
"43.15625_-85.84375",233.6,"26","MI",43.15625,-85.84375,124.67242765625
"43.21875_-76.78125",130.4,"36","NY",43.21875,-76.78125,127.72924890625
"43.21875_-76.84375",111.5,"36","NY",43.21875,-76.84375,128.38507890625
"43.21875_-76.90625",104.4,"36","NY",43.21875,-76.90625,128.63144890625
"43.21875_-76.96875",106.4,"36","NY",43.21875,-76.96875,128.56204890625
"43.21875_-77.03125",126.3,"36","NY",43.21875,-77.03125,127.87151890625
"43.21875_-77.09375",136.6,"36","NY",43.21875,-77.09375,127.51410890625
"43.21875_-77.15625",138.9,"36","NY",43.21875,-77.15625,127.43429890625
"43.21875_-77.21875",133.8,"36","NY",43.21875,-77.21875,127.61126890625
"43.21875_-77.28125",132.5,"36","NY",43.21875,-77.28125,127.65637890625
"43.21875_-77.90625",147.3,"36","NY",43.21875,-77.90625,127.14281890625
"43.21875_-77.96875",158.2,"36","NY",43.21875,-77.96875,126.76458890625
"43.21875_-78.28125",178.9,"36","NY",43.21875,-78.28125,126.04629890625
"43.21875_-78.34375",171.8,"36","NY",43.21875,-78.34375,126.29266890625
"43.21875_-78.40625",159.9,"36","NY",43.21875,-78.40625,126.70559890625
"43.21875_-78.53125",145.2,"36","NY",43.21875,-78.53125,127.21568890625
"43.21875_-78.59375",133.2,"36","NY",43.21875,-78.59375,127.63208890625
"43.21875_-78.65625",124.5,"36","NY",43.21875,-78.65625,127.93397890625
"43.21875_-85.71875",244.4,"26","MI",43.21875,-85.71875,123.77344890625
"43.21875_-85.78125",252.8,"26","MI",43.21875,-85.78125,123.48196890625
"43.21875_-85.84375",235.4,"26","MI",43.21875,-85.84375,124.08574890625
"43.21875_-85.90625",218.5,"26","MI",43.21875,-85.90625,124.67217890625
"43.28125_-76.71875",99.5,"36","NY",43.28125,-76.71875,128.28254140625
"43.28125_-76.78125",102,"36","NY",43.28125,-76.78125,128.19579140625
"43.28125_-76.84375",87.7,"36","NY",43.28125,-76.84375,128.69200140625
"43.28125_-76.90625",85.7,"36","NY",43.28125,-76.90625,128.76140140625
"43.28125_-77.03125",95.5,"36","NY",43.28125,-77.03125,128.42134140625
"43.28125_-77.09375",100.7,"36","NY",43.28125,-77.09375,128.24090140625
"43.28125_-77.15625",100.2,"36","NY",43.28125,-77.15625,128.25825140625
"43.28125_-77.21875",98.7,"36","NY",43.28125,-77.21875,128.31030140625
"43.28125_-77.28125",100.4,"36","NY",43.28125,-77.28125,128.25131140625
"43.28125_-77.34375",101,"36","NY",43.28125,-77.34375,128.23049140625
"43.28125_-77.40625",97,"36","NY",43.28125,-77.40625,128.36929140625
"43.28125_-78.09375",132.9,"36","NY",43.28125,-78.09375,127.12356140625
"43.28125_-78.15625",134.1,"36","NY",43.28125,-78.15625,127.08192140625
"43.28125_-78.21875",131.8,"36","NY",43.28125,-78.21875,127.16173140625
"43.28125_-78.28125",126.3,"36","NY",43.28125,-78.28125,127.35258140625
"43.28125_-78.34375",121.7,"36","NY",43.28125,-78.34375,127.51220140625
"43.28125_-78.40625",115.1,"36","NY",43.28125,-78.40625,127.74122140625
"43.28125_-78.65625",109.5,"36","NY",43.28125,-78.65625,127.93554140625
"43.28125_-78.71875",104.1,"36","NY",43.28125,-78.71875,128.12292140625
"43.28125_-78.78125",102.5,"36","NY",43.28125,-78.78125,128.17844140625
"43.28125_-78.84375",94.9,"36","NY",43.28125,-78.84375,128.44216140625
"43.28125_-78.96875",88.4,"36","NY",43.28125,-78.96875,128.66771140625
"43.28125_-85.78125",255.4,"26","MI",43.28125,-85.78125,122.87281140625
"43.28125_-85.84375",243.6,"26","MI",43.28125,-85.84375,123.28227140625
"43.34375_-77.96875",93,"36","NY",43.34375,-77.96875,127.99443515625
"43.34375_-78.03125",96.6,"36","NY",43.34375,-78.03125,127.86951515625
"43.34375_-78.15625",97.8,"36","NY",43.34375,-78.15625,127.82787515625
"43.34375_-78.21875",99.1,"36","NY",43.34375,-78.21875,127.78276515625
"43.34375_-78.28125",96.2,"36","NY",43.34375,-78.28125,127.88339515625
"43.34375_-78.34375",92.3,"36","NY",43.34375,-78.34375,128.01872515625
"43.34375_-78.40625",95.5,"36","NY",43.34375,-78.40625,127.90768515625
"43.34375_-78.53125",98.5,"36","NY",43.34375,-78.53125,127.80358515625
"43.34375_-78.59375",97.4,"36","NY",43.34375,-78.59375,127.84175515625
"43.34375_-78.65625",96.8,"36","NY",43.34375,-78.65625,127.86257515625
"43.34375_-78.71875",93.5,"36","NY",43.34375,-78.71875,127.97708515625
"43.34375_-78.78125",87.9,"36","NY",43.34375,-78.78125,128.17140515625
"43.34375_-85.84375",249.5,"26","MI",43.34375,-85.84375,122.56388515625
"43.40625_-86.03125",228.2,"26","MI",43.40625,-86.03125,122.79462015625
"43.53125_-85.96875",264.9,"26","MI",43.53125,-85.96875,120.52022390625
"43.53125_-86.34375",229.2,"26","MI",43.53125,-86.34375,121.75901390625
"43.53125_-86.40625",221.6,"26","MI",43.53125,-86.40625,122.02273390625
"43.53125_-86.46875",215.9,"26","MI",43.53125,-86.46875,122.22052390625
"43.59375_-86.28125",261.3,"26","MI",43.59375,-86.28125,120.15261265625
"43.59375_-86.34375",268.2,"26","MI",43.59375,-86.34375,119.91318265625
"43.59375_-86.40625",220.9,"26","MI",43.59375,-86.40625,121.55449265625
"43.59375_-86.46875",215.3,"26","MI",43.59375,-86.46875,121.74881265625
"43.65625_-86.34375",263.6,"26","MI",43.65625,-86.34375,119.58555265625
"43.65625_-86.40625",244.9,"26","MI",43.65625,-86.40625,120.23444265625
"43.65625_-86.46875",225.8,"26","MI",43.65625,-86.46875,120.89721265625
"43.71875_-70.84375",178.8,"23","ME",43.71875,-70.84375,122.04614390625
"43.71875_-86.09375",263.2,"26","MI",43.71875,-86.09375,119.11746390625
"43.71875_-86.15625",276,"26","MI",43.71875,-86.15625,118.67330390625
"43.71875_-86.28125",221.8,"26","MI",43.71875,-86.28125,120.55404390625
"43.71875_-86.34375",215.5,"26","MI",43.71875,-86.34375,120.77265390625
"43.71875_-86.40625",207.5,"26","MI",43.71875,-86.40625,121.05025390625
"43.84375_-86.03125",255.9,"26","MI",43.84375,-86.03125,118.42268015625
"43.84375_-86.28125",211.1,"26","MI",43.84375,-86.28125,119.97724015625
"43.84375_-86.34375",215.3,"26","MI",43.84375,-86.34375,119.83150015625
"43.84375_-86.40625",203.7,"26","MI",43.84375,-86.40625,120.23402015625
"43.90625_-86.28125",201.2,"26","MI",43.90625,-86.28125,119.85464515625
"43.90625_-86.34375",203.4,"26","MI",43.90625,-86.34375,119.77830515625
"43.90625_-86.40625",217.8,"26","MI",43.90625,-86.40625,119.27862515625
"44.09375_-91.53125",224.3,"55","WI",44.09375,-91.53125,117.68638765625
"44.15625_-70.28125",120.5,"23","ME",44.15625,-70.28125,120.84324765625
"44.28125_-69.96875",70.8,"23","ME",44.28125,-69.96875,121.69368140625
"44.28125_-70.03125",100.1,"23","ME",44.28125,-70.03125,120.67697140625
"44.34375_-69.84375",87.1,"23","ME",44.34375,-69.84375,120.69891515625
"44.40625_-69.84375",89.2,"23","ME",44.40625,-69.84375,120.20217015625
"44.40625_-86.15625",252.3,"26","MI",44.40625,-86.15625,114.54260015625
"44.40625_-86.21875",247.6,"26","MI",44.40625,-86.21875,114.70569015625
"44.46875_-86.15625",245,"26","MI",44.46875,-86.15625,114.37731640625
"44.46875_-86.21875",223.2,"26","MI",44.46875,-86.21875,115.13377640625
"44.53125_-86.09375",261.9,"26","MI",44.53125,-86.09375,113.37757390625
"44.53125_-86.15625",242.8,"26","MI",44.53125,-86.15625,114.04034390625
"44.59375_-86.15625",226.4,"26","MI",44.59375,-86.15625,114.20139265625
"44.65625_-86.03125",235.2,"26","MI",44.65625,-86.03125,113.49328265625
"44.78125_-72.96875",220.3,"50","VT",44.78125,-72.96875,113.22065640625
"44.84375_-73.40625",38.7,"36","NY",44.84375,-73.40625,119.13527015625
"44.90625_-73.40625",37.6,"36","NY",44.90625,-73.40625,118.79181515625
"44.90625_-85.53125",205.2,"26","MI",44.90625,-85.53125,112.97609515625
"45.03125_-85.65625",251.1,"26","MI",45.03125,-85.65625,110.63595890625
"45.03125_-85.71875",208.8,"26","MI",45.03125,-85.71875,112.10376890625
"45.15625_-85.65625",220,"26","MI",45.15625,-85.65625,110.98884765625
